origin,destination,herb_road,herb_rail,wood_road,wood_rail
6001,1,194.244,739.614,188.341,733.337
6001,2,215.364,744.992,215.364,744.992
6001,3,54.895,157.936,53.627,182.48
6001,4,38.2227,0.0,38.2227,0.0
6001,5,58.4595,67.9239,58.4595,67.9239
6001,6,80.1406,436.565,80.1406,436.565
6001,7,98.8348,345.862,145.499,391.822
6001,8,257.503,14.0081,257.503,14.0081
6001,46,45.8428,352.318,45.8428,352.318
6001,47,45.8428,320.826,45.8428,320.826
6001,48,45.8428,362.375,45.8428,362.375
6001,49,45.8428,970.154,45.8428,970.154
6001,50,45.8428,964.569,45.8428,964.569
6001,51,45.8428,243.44,45.8428,243.44
6001,52,45.8428,67.9239,45.8428,67.9239
6001,53,45.8428,739.614,45.8428,739.614
6001,54,47.1108,157.936,45.8428,182.48
6001,55,47.1108,332.648,45.8428,357.193
6001,56,45.8428,130.62,45.8428,130.62
6001,57,45.8428,152.579,45.8428,152.579
6001,58,45.8428,436.565,45.8428,436.565
6001,59,45.8428,736.327,45.8428,736.327
6001,60,45.8428,739.324,45.8428,739.324
6001,61,47.1108,29.7954,45.8428,39.8276
6001,62,45.8428,21.1681,45.8428,21.1681
6001,63,45.8428,737.402,45.8428,737.402
6001,64,45.8428,739.113,45.8428,739.113
6001,65,47.1108,440.03,45.8428,464.574
6001,66,45.8428,436.565,45.8428,436.565
6001,67,45.8428,723.554,45.8428,723.554
6001,68,45.8428,729.559,45.8428,729.559
6001,69,45.8428,436.565,45.8428,436.565
6001,70,45.8428,5.14179,45.8428,5.14179
6001,71,45.8428,0.0,45.8428,0.0
6001,72,45.8428,737.661,45.8428,737.661
6001,73,45.8428,14.0081,45.8428,14.0081
6001,74,45.8428,738.152,45.8428,738.152
6001,75,45.8428,740.949,45.8428,740.949
6003,1,277.91,984.585,319.768,665.413
6003,2,299.029,989.963,346.79,677.068
6003,3,137.293,527.895,185.054,219.741
6003,4,196.621,387.565,261.335,67.9239
6003,5,194.405,0.0,179.669,0.0
6003,6,163.806,681.536,211.567,368.641
6003,7,173.662,0.0,159.14,0.0
6003,8,320.35,0.0,287.142,0.0
6003,46,129.508,597.289,177.27,284.394
6003,47,129.508,565.797,177.27,252.902
6003,48,129.508,607.346,177.27,294.451
6003,49,129.508,1215.12,177.27,902.23
6003,50,129.508,1209.54,177.27,896.645
6003,51,129.508,488.182,177.27,175.516
6003,52,189.059,0.0,177.27,0.0
6003,53,129.508,984.585,177.27,671.69
6003,54,129.508,527.895,177.27,219.741
6003,55,129.508,702.608,177.27,394.453
6003,56,129.508,375.591,177.27,62.6963
6003,57,129.508,435.731,177.27,218.998
6003,58,129.508,681.536,177.27,368.641
6003,59,129.508,981.298,177.27,668.403
6003,60,129.508,984.295,177.27,671.4
6003,61,129.508,375.771,177.27,107.752
6003,62,129.508,354.913,177.27,87.5869
6003,63,129.508,982.373,177.27,669.478
6003,64,129.508,984.084,177.27,671.189
6003,65,129.508,809.989,177.27,501.835
6003,66,129.508,681.536,177.27,368.641
6003,67,129.508,968.525,177.27,655.63
6003,68,129.508,974.53,177.27,661.635
6003,69,129.508,681.536,177.27,368.641
6003,70,129.508,340.72,177.27,71.5606
6003,71,129.508,345.862,177.27,67.9239
6003,72,129.508,982.632,177.27,669.737
6003,73,129.508,338.122,177.27,80.4269
6003,74,129.508,983.123,177.27,670.228
6003,75,129.508,985.921,177.27,673.025
6005,1,238.386,671.69,228.008,665.413
6005,2,259.506,677.068,255.03,677.068
6005,3,97.7693,219.741,93.2937,219.741
6005,4,157.098,110.074,169.575,67.9239
6005,5,92.384,0.0,87.9084,0.0
6005,6,124.283,368.641,119.807,368.641
6005,7,142.977,324.178,250.9,0.0
6005,8,219.701,0.0,215.226,0.0
6005,46,89.9851,284.394,85.5095,284.394
6005,47,89.9851,252.902,85.5095,252.902
6005,48,89.9851,294.451,85.5095,294.451
6005,49,89.9851,902.23,85.5095,902.23
6005,50,89.9851,896.645,85.5095,896.645
6005,51,89.9851,175.516,85.5095,175.516
6005,52,89.9851,0.0,85.5095,0.0
6005,53,89.9851,671.69,85.5095,671.69
6005,54,89.9851,219.741,85.5095,219.741
6005,55,89.9851,394.453,85.5095,394.453
6005,56,89.9851,62.6963,85.5095,62.6963
6005,57,89.9851,218.998,85.5095,218.998
6005,58,89.9851,368.641,85.5095,368.641
6005,59,89.9851,668.403,85.5095,668.403
6005,60,89.9851,671.4,85.5095,671.4
6005,61,89.9851,107.752,85.5095,107.752
6005,62,89.9851,87.5869,85.5095,87.5869
6005,63,89.9851,669.478,85.5095,669.478
6005,64,89.9851,671.189,85.5095,671.189
6005,65,89.9851,501.835,85.5095,501.835
6005,66,89.9851,368.641,85.5095,368.641
6005,67,89.9851,655.63,85.5095,655.63
6005,68,89.9851,661.635,85.5095,661.635
6005,69,89.9851,368.641,85.5095,368.641
6005,70,89.9851,71.5606,85.5095,71.5606
6005,71,89.9851,67.9239,85.5095,67.9239
6005,72,89.9851,669.737,85.5095,669.737
6005,73,89.9851,80.4269,85.5095,80.4269
6005,74,89.9851,670.228,85.5095,670.228
6005,75,89.9851,673.025,85.5095,673.025
6007,1,322.649,671.69,350.723,665.413
6007,2,343.769,677.068,377.745,677.068
6007,3,177.672,196.041,217.549,196.041
6007,4,237.0,55.7112,293.83,14.0081
6007,5,167.201,0.0,201.177,0.0
6007,6,208.546,368.641,242.522,368.641
6007,7,224.54,0.0,226.193,0.0
6007,8,45.0635,0.0,55.2179,0.0
6007,46,174.248,284.394,208.224,284.394
6007,47,174.248,252.902,208.224,252.902
6007,48,174.248,294.451,208.224,294.451
6007,49,174.248,902.23,208.224,902.23
6007,50,174.248,896.645,208.224,896.645
6007,51,174.248,175.516,208.224,175.516
6007,52,174.248,0.0,208.224,0.0
6007,53,174.248,671.69,208.224,671.69
6007,54,169.888,196.041,209.765,196.041
6007,55,169.888,370.754,209.765,370.754
6007,56,174.248,62.6963,208.224,62.6963
6007,57,169.888,144.839,209.765,144.839
6007,58,174.248,368.641,208.224,368.641
6007,59,174.248,668.403,208.224,668.403
6007,60,174.248,671.4,208.224,671.4
6007,61,169.888,43.9171,209.765,43.9171
6007,62,169.888,23.0594,209.765,23.0594
6007,63,174.248,669.478,208.224,669.478
6007,64,174.248,671.189,208.224,671.189
6007,65,169.888,478.135,209.765,478.135
6007,66,174.248,368.641,208.224,368.641
6007,67,174.248,655.63,208.224,655.63
6007,68,174.248,661.635,208.224,661.635
6007,69,174.248,368.641,208.224,368.641
6007,70,169.888,8.86628,209.765,8.86628
6007,71,169.888,14.0081,209.765,14.0081
6007,72,174.248,669.737,208.224,669.737
6007,73,169.888,0.0,209.765,0.0
6007,74,174.248,670.228,208.224,670.228
6007,75,174.248,673.025,208.224,673.025
6009,1,226.396,671.69,220.493,665.413
6009,2,247.515,677.068,247.515,677.068
6009,3,85.7789,219.741,85.7789,219.741
6009,4,145.107,110.074,162.06,67.9239
6009,5,82.6418,0.0,82.6418,0.0
6009,6,112.292,368.641,112.292,368.641
6009,7,130.987,324.178,177.65,370.138
6009,8,239.678,0.0,239.678,0.0
6009,46,77.9947,284.394,77.9947,284.394
6009,47,77.9947,252.902,77.9947,252.902
6009,48,77.9947,294.451,77.9947,294.451
6009,49,77.9947,902.23,77.9947,902.23
6009,50,77.9947,896.645,77.9947,896.645
6009,51,77.9947,175.516,77.9947,175.516
6009,52,77.9947,0.0,77.9947,0.0
6009,53,77.9947,671.69,77.9947,671.69
6009,54,77.9947,219.741,77.9947,219.741
6009,55,77.9947,394.453,77.9947,394.453
6009,56,77.9947,62.6963,77.9947,62.6963
6009,57,77.9947,218.998,77.9947,218.998
6009,58,77.9947,368.641,77.9947,368.641
6009,59,77.9947,668.403,77.9947,668.403
6009,60,77.9947,671.4,77.9947,671.4
6009,61,77.9947,107.752,77.9947,107.752
6009,62,77.9947,87.5869,77.9947,87.5869
6009,63,77.9947,669.478,77.9947,669.478
6009,64,77.9947,671.189,77.9947,671.189
6009,65,77.9947,501.835,77.9947,501.835
6009,66,77.9947,368.641,77.9947,368.641
6009,67,77.9947,655.63,77.9947,655.63
6009,68,77.9947,661.635,77.9947,661.635
6009,69,77.9947,368.641,77.9947,368.641
6009,70,77.9947,71.5606,77.9947,71.5606
6009,71,77.9947,67.9239,77.9947,67.9239
6009,72,77.9947,669.737,77.9947,669.737
6009,73,77.9947,80.4269,77.9947,80.4269
6009,74,77.9947,670.228,77.9947,670.228
6009,75,77.9947,673.025,77.9947,673.025
6011,1,301.556,752.117,279.412,884.411
6011,2,322.676,757.495,306.434,896.066
6011,3,160.939,196.041,171.019,190.934
6011,4,220.268,55.7112,220.979,152.579
6011,5,165.772,80.4269,149.53,218.998
6011,6,187.453,449.068,171.211,587.639
6011,7,206.147,338.122,236.569,481.691
6011,8,85.4293,0.0,177.844,0.0
6011,46,153.155,364.821,136.913,503.392
6011,47,153.155,333.329,136.913,471.9
6011,48,153.155,374.878,136.913,513.449
6011,49,153.155,982.657,136.913,1121.23
6011,50,153.155,977.072,136.913,1115.64
6011,51,153.155,255.943,136.913,394.514
6011,52,153.155,80.4269,136.913,218.998
6011,53,153.155,752.117,136.913,890.688
6011,54,153.155,196.041,163.234,190.934
6011,55,153.155,370.754,163.234,365.646
6011,56,153.155,143.123,136.913,281.694
6011,57,153.155,144.839,136.913,0.0
6011,58,153.155,449.068,136.913,587.639
6011,59,153.155,748.83,136.913,887.401
6011,60,153.155,751.827,136.913,890.398
6011,61,153.155,43.9171,163.234,20.8578
6011,62,153.155,23.0594,163.234,0.0
6011,63,153.155,749.905,136.913,888.476
6011,64,153.155,751.616,136.913,890.187
6011,65,153.155,478.135,163.234,473.028
6011,66,153.155,449.068,136.913,587.639
6011,67,153.155,736.057,136.913,874.628
6011,68,153.155,742.062,136.913,880.633
6011,69,153.155,449.068,136.913,587.639
6011,70,153.155,8.86628,136.913,147.437
6011,71,153.155,14.0081,136.913,152.579
6011,72,153.155,750.164,136.913,888.735
6011,73,153.155,0.0,136.913,144.839
6011,74,153.155,750.655,136.913,889.226
6011,75,153.155,753.452,136.913,892.023
6013,1,177.498,671.69,161.234,733.337
6013,2,198.618,677.068,188.257,744.992
6013,3,36.8815,219.741,26.5203,182.48
6013,4,88.1223,0.0,88.8984,0.0
6013,5,41.714,0.0,31.3528,67.9239
6013,6,63.395,368.641,53.0338,436.565
6013,7,82.0892,324.178,118.392,391.822
6013,8,236.864,0.0,230.397,14.0081
6013,46,29.0972,284.394,18.7361,352.318
6013,47,29.0972,252.902,18.7361,320.826
6013,48,29.0972,294.451,18.7361,362.375
6013,49,29.0972,902.23,18.7361,970.154
6013,50,29.0972,896.645,18.7361,964.569
6013,51,29.0972,175.516,18.7361,243.44
6013,52,29.0972,0.0,18.7361,67.9239
6013,53,29.0972,671.69,18.7361,739.614
6013,54,29.0972,219.741,18.7361,182.48
6013,55,29.0972,394.453,18.7361,357.193
6013,56,29.0972,62.6963,18.7361,130.62
6013,57,29.0972,218.998,18.7361,152.579
6013,58,29.0972,368.641,18.7361,436.565
6013,59,29.0972,668.403,18.7361,736.327
6013,60,29.0972,671.4,18.7361,739.324
6013,61,29.0972,107.752,18.7361,39.8276
6013,62,29.0972,87.5869,18.7361,21.1681
6013,63,29.0972,669.478,18.7361,737.402
6013,64,29.0972,671.189,18.7361,739.113
6013,65,29.0972,501.835,18.7361,464.574
6013,66,29.0972,368.641,18.7361,436.565
6013,67,29.0972,655.63,18.7361,723.554
6013,68,29.0972,661.635,18.7361,729.559
6013,69,29.0972,368.641,18.7361,436.565
6013,70,29.0972,71.5606,18.7361,5.14179
6013,71,29.0972,67.9239,18.7361,0.0
6013,72,29.0972,669.737,18.7361,737.661
6013,73,29.0972,80.4269,18.7361,14.0081
6013,74,29.0972,670.228,18.7361,738.152
6013,75,29.0972,673.025,18.7361,740.949
6015,1,412.26,1253.5,308.731,1322.0
6015,2,433.379,1258.88,335.754,1333.66
6015,3,271.643,770.82,174.017,845.598
6015,4,330.971,630.491,250.298,663.565
6015,5,276.475,593.097,178.85,667.874
6015,6,298.156,950.455,200.531,1025.23
6015,7,316.85,454.927,265.889,740.581
6015,8,478.943,0.0,412.775,0.0
6015,46,263.858,866.208,166.233,940.985
6015,47,263.858,834.716,166.233,909.493
6015,48,263.858,876.265,166.233,951.042
6015,49,263.858,1484.04,166.233,1558.82
6015,50,263.858,1478.46,166.233,1553.24
6015,51,263.858,757.1,166.233,831.878
6015,52,263.858,593.097,166.233,667.874
6015,53,263.858,1253.5,166.233,1328.28
6015,54,263.858,770.82,166.233,845.598
6015,55,263.858,945.533,166.233,1020.31
6015,56,263.858,644.51,166.233,719.287
6015,57,263.858,678.656,166.233,753.434
6015,58,263.858,950.455,166.233,1025.23
6015,59,263.858,1250.22,166.233,1324.99
6015,60,263.858,1253.21,166.233,1327.99
6015,61,263.858,618.697,166.233,693.474
6015,62,263.858,597.839,166.233,672.616
6015,63,263.858,1251.29,166.233,1326.07
6015,64,263.858,1253.0,166.233,1327.78
6015,65,263.858,1052.91,166.233,1127.69
6015,66,263.858,950.455,166.233,1025.23
6015,67,263.858,1237.44,166.233,1312.22
6015,68,263.858,1243.45,166.233,1318.23
6015,69,263.858,950.455,166.233,1025.23
6015,70,263.858,583.646,166.233,658.423
6015,71,263.858,588.787,166.233,663.565
6015,72,263.858,1251.55,166.233,1326.33
6015,73,263.858,581.047,166.233,655.825
6015,74,263.858,1252.04,166.233,1326.82
6015,75,263.858,1254.84,166.233,1329.62
6017,1,287.493,671.69,301.311,665.413
6017,2,308.612,677.068,328.333,677.068
6017,3,146.876,219.741,166.597,219.741
6017,4,206.204,110.074,242.878,67.9239
6017,5,141.49,0.0,161.211,0.0
6017,6,173.389,368.641,193.11,368.641
6017,7,206.277,0.0,186.556,0.0
6017,8,201.322,0.0,221.043,0.0
6017,46,139.091,284.394,158.812,284.394
6017,47,139.091,252.902,158.812,252.902
6017,48,139.091,294.451,158.812,294.451
6017,49,139.091,902.23,158.812,902.23
6017,50,139.091,896.645,158.812,896.645
6017,51,139.091,175.516,158.812,175.516
6017,52,139.091,0.0,158.812,0.0
6017,53,139.091,671.69,158.812,671.69
6017,54,139.091,219.741,158.812,219.741
6017,55,139.091,394.453,158.812,394.453
6017,56,139.091,62.6963,158.812,62.6963
6017,57,139.091,218.998,158.812,218.998
6017,58,139.091,368.641,158.812,368.641
6017,59,139.091,668.403,158.812,668.403
6017,60,139.091,671.4,158.812,671.4
6017,61,139.091,107.752,158.812,107.752
6017,62,139.091,87.5869,158.812,87.5869
6017,63,139.091,669.478,158.812,669.478
6017,64,139.091,671.189,158.812,671.189
6017,65,139.091,501.835,158.812,501.835
6017,66,139.091,368.641,158.812,368.641
6017,67,139.091,655.63,158.812,655.63
6017,68,139.091,661.635,158.812,661.635
6017,69,139.091,368.641,158.812,368.641
6017,70,139.091,71.5606,158.812,71.5606
6017,71,139.091,67.9239,158.812,67.9239
6017,72,139.091,669.737,158.812,669.737
6017,73,139.091,80.4269,158.812,80.4269
6017,74,139.091,670.228,158.812,670.228
6017,75,139.091,673.025,158.812,673.025
6019,1,180.715,468.523,286.156,412.511
6019,2,201.835,473.901,313.179,424.166
6019,3,50.875,360.404,137.112,360.404
6019,4,110.204,284.431,213.394,243.44
6019,5,55.7075,175.516,141.945,175.516
6019,6,66.6121,165.474,177.956,115.739
6019,7,96.0827,488.182,228.984,534.142
6019,8,259.112,175.516,345.349,175.516
6019,46,32.3143,0.0,129.328,112.775
6019,47,32.3143,57.4519,143.658,0.0
6019,48,32.3143,98.2275,143.658,41.549
6019,49,32.3143,699.063,143.658,649.328
6019,50,32.3143,693.478,143.658,643.743
6019,51,43.0907,0.0,129.328,0.0
6019,52,43.0907,175.516,129.328,175.516
6019,53,32.3143,468.523,143.658,418.788
6019,54,43.0907,360.404,129.328,360.404
6019,55,43.0907,535.117,129.328,535.117
6019,56,43.0907,139.03,129.328,139.03
6019,57,43.0907,394.514,129.328,394.514
6019,58,32.3143,165.474,143.658,115.739
6019,59,32.3143,465.236,143.658,415.501
6019,60,32.3143,468.232,143.658,418.497
6019,61,43.0907,283.268,129.328,283.268
6019,62,43.0907,263.103,129.328,263.103
6019,63,32.3143,466.311,143.658,416.576
6019,64,32.3143,468.022,143.658,418.287
6019,65,32.3143,668.503,129.328,642.498
6019,66,32.3143,165.474,143.658,115.739
6019,67,32.3143,452.463,143.658,402.728
6019,68,32.3143,458.468,143.658,408.733
6019,69,32.3143,165.474,143.658,115.739
6019,70,43.0907,247.077,129.328,247.077
6019,71,43.0907,243.44,129.328,243.44
6019,72,32.3143,466.57,143.658,416.835
6019,73,43.0907,255.943,129.328,255.943
6019,74,32.3143,467.06,143.658,417.325
6019,75,32.3143,469.858,143.658,420.123
6021,1,324.78,752.117,353.427,745.84
6021,2,345.899,757.495,380.45,757.495
6021,3,184.163,196.041,218.713,196.041
6021,4,243.491,55.7112,294.994,14.0081
6021,5,188.995,80.4269,223.546,80.4269
6021,6,210.676,449.068,245.227,449.068
6021,7,272.858,0.0,303.513,0.0
6021,8,62.4537,0.0,93.1087,0.0
6021,46,176.379,364.821,210.929,364.821
6021,47,176.379,333.329,210.929,333.329
6021,48,176.379,374.878,210.929,374.878
6021,49,176.379,982.657,210.929,982.657
6021,50,176.379,977.072,210.929,977.072
6021,51,176.379,255.943,210.929,255.943
6021,52,176.379,80.4269,210.929,80.4269
6021,53,176.379,752.117,210.929,752.117
6021,54,176.379,196.041,210.929,196.041
6021,55,176.379,370.754,210.929,370.754
6021,56,176.379,143.123,210.929,143.123
6021,57,176.379,144.839,210.929,144.839
6021,58,176.379,449.068,210.929,449.068
6021,59,176.379,748.83,210.929,748.83
6021,60,176.379,751.827,210.929,751.827
6021,61,176.379,43.9171,210.929,43.9171
6021,62,176.379,23.0594,210.929,23.0594
6021,63,176.379,749.905,210.929,749.905
6021,64,176.379,751.616,210.929,751.616
6021,65,176.379,478.135,210.929,478.135
6021,66,176.379,449.068,210.929,449.068
6021,67,176.379,736.057,210.929,736.057
6021,68,176.379,742.062,210.929,742.062
6021,69,176.379,449.068,210.929,449.068
6021,70,176.379,8.86628,210.929,8.86628
6021,71,176.379,14.0081,210.929,14.0081
6021,72,176.379,750.164,210.929,750.164
6021,73,176.379,0.0,210.929,0.0
6021,74,176.379,750.655,210.929,750.655
6021,75,176.379,753.452,210.929,753.452
6023,1,538.614,890.688,447.732,1246.72
6023,2,559.733,896.066,474.755,1258.37
6023,3,397.997,334.612,313.018,770.312
6023,4,457.325,194.282,389.299,588.279
6023,5,402.829,218.998,317.85,592.588
6023,6,424.51,587.639,339.532,949.947
6023,7,494.765,0.0,478.596,0.0
6023,8,320.667,0.0,304.498,0.0
6023,46,390.212,503.392,305.234,865.699
6023,47,390.212,471.9,305.234,834.208
6023,48,390.212,513.449,305.234,875.757
6023,49,390.212,1121.23,305.234,1483.54
6023,50,390.212,1115.64,305.234,1477.95
6023,51,390.212,394.514,305.234,756.592
6023,52,390.212,218.998,305.234,592.588
6023,53,390.212,890.688,305.234,1253.0
6023,54,390.212,334.612,305.234,770.312
6023,55,390.212,509.325,305.234,945.024
6023,56,390.212,281.694,305.234,644.001
6023,57,390.212,0.0,305.234,678.148
6023,58,390.212,587.639,305.234,949.947
6023,59,390.212,887.401,305.234,1249.71
6023,60,390.212,890.398,305.234,1252.71
6023,61,390.212,182.488,305.234,618.188
6023,62,390.212,161.63,305.234,597.33
6023,63,390.212,888.476,305.234,1250.78
6023,64,390.212,890.187,305.234,1252.49
6023,65,390.212,616.706,305.234,1052.41
6023,66,390.212,587.639,305.234,949.947
6023,67,390.212,874.628,305.234,1236.94
6023,68,390.212,880.633,305.234,1242.94
6023,69,390.212,587.639,305.234,949.947
6023,70,390.212,147.437,305.234,583.137
6023,71,390.212,152.579,305.234,588.279
6023,72,390.212,888.735,305.234,1251.04
6023,73,390.212,144.839,305.234,580.539
6023,74,390.212,889.226,305.234,1251.53
6023,75,390.212,892.023,305.234,1254.33
6025,1,138.036,0.0,121.798,0.0
6025,2,198.003,0.0,217.846,0.0
6025,3,32.4914,941.686,23.231,936.101
6025,4,94.3136,941.686,85.0532,936.101
6025,5,37.3239,902.23,28.0634,896.645
6025,6,59.0049,533.589,49.7445,528.004
6025,7,77.6992,1215.12,115.103,1255.5
6025,8,240.728,902.23,231.468,896.645
6025,46,24.7072,699.063,15.4467,693.478
6025,47,24.7072,649.328,15.4467,643.743
6025,48,24.7072,607.779,15.4467,602.194
6025,49,24.7072,0.0,21.0074,0.0
6025,50,31.6846,0.0,15.4467,0.0
6025,51,24.7072,730.611,15.4467,725.026
6025,52,24.7072,902.23,15.4467,896.645
6025,53,24.7072,267.508,15.4467,261.923
6025,54,24.7072,941.686,15.4467,936.101
6025,55,24.7072,749.284,15.4467,743.699
6025,56,24.7072,839.534,15.4467,833.949
6025,57,24.7072,1121.23,15.4467,1115.64
6025,58,24.7072,533.589,15.4467,528.004
6025,59,24.7072,355.13,15.4467,349.545
6025,60,24.7072,358.599,15.4467,353.014
6025,61,24.7072,1009.98,15.4467,1004.4
6025,62,24.7072,989.817,15.4467,984.232
6025,63,24.7072,356.205,15.4467,350.62
6025,64,24.7072,358.388,15.4467,352.803
6025,65,24.7072,655.662,15.4467,650.077
6025,66,24.7072,533.589,15.4467,528.004
6025,67,24.7072,335.242,15.4467,329.658
6025,68,24.7072,343.752,15.4467,338.167
6025,69,24.7072,533.589,15.4467,528.004
6025,70,24.7072,973.791,15.4467,968.206
6025,71,24.7072,970.154,15.4467,964.569
6025,72,24.7072,356.464,15.4467,350.879
6025,73,24.7072,982.657,15.4467,977.072
6025,74,24.7072,356.954,15.4467,351.37
6025,75,24.7072,359.752,15.4467,354.167
6027,1,490.942,0.0,444.254,0.0
6027,2,536.919,0.0,490.231,0.0
6027,3,318.024,550.309,271.336,550.309
6027,4,377.353,474.335,347.618,436.565
6027,5,322.857,368.641,276.169,368.641
6027,6,341.488,0.0,294.801,0.0
6027,7,363.232,681.536,449.793,0.0
6027,8,526.261,368.641,479.573,368.641
6027,46,310.24,165.474,263.552,165.474
6027,47,310.24,115.739,263.552,115.739
6027,48,310.24,74.1901,263.552,74.1901
6027,49,310.24,533.589,263.552,533.589
6027,50,310.24,528.004,263.552,528.004
6027,51,310.24,197.022,263.552,197.022
6027,52,310.24,368.641,263.552,368.641
6027,53,366.925,0.0,316.924,6.84912
6027,54,310.24,550.309,263.552,550.309
6027,55,310.24,596.65,263.552,596.65
6027,56,310.24,305.945,263.552,305.945
6027,57,310.24,587.639,263.552,587.639
6027,58,310.24,0.0,263.552,0.0
6027,59,310.24,299.762,263.552,299.762
6027,60,310.24,302.758,263.552,302.758
6027,61,310.24,476.393,263.552,476.393
6027,62,310.24,456.228,263.552,456.228
6027,63,310.24,300.837,263.552,300.837
6027,64,310.24,302.548,263.552,302.548
6027,65,310.24,503.029,263.552,503.029
6027,66,310.24,0.0,263.552,0.0
6027,67,310.24,286.989,263.552,286.989
6027,68,310.24,292.994,263.552,292.994
6027,69,310.24,0.0,263.552,0.0
6027,70,310.24,440.202,263.552,440.202
6027,71,310.24,436.565,263.552,436.565
6027,72,310.24,301.096,263.552,301.096
6027,73,310.24,449.068,263.552,449.068
6027,74,310.24,301.586,263.552,301.586
6027,75,310.24,304.384,263.552,304.384
6029,1,166.658,303.049,191.522,296.772
6029,2,187.777,308.427,218.545,308.427
6029,3,26.0409,550.309,56.8083,550.309
6029,4,85.3695,474.335,133.09,436.565
6029,5,30.8734,368.641,61.6408,368.641
6029,6,16.0411,0.0,83.2379,0.0
6029,7,71.2487,681.536,148.68,727.497
6029,8,234.278,368.641,265.045,368.641
6029,46,18.2567,165.474,49.0241,165.474
6029,47,18.2567,115.739,49.0241,115.739
6029,48,18.2567,74.1901,49.0241,74.1901
6029,49,18.2567,533.589,49.0241,533.589
6029,50,18.2567,528.004,49.0241,528.004
6029,51,18.2567,197.022,49.0241,197.022
6029,52,18.2567,368.641,49.0241,368.641
6029,53,18.2567,303.049,49.0241,303.049
6029,54,18.2567,550.309,49.0241,550.309
6029,55,18.2567,596.65,49.0241,596.65
6029,56,18.2567,305.945,49.0241,305.945
6029,57,18.2567,587.639,49.0241,587.639
6029,58,18.2567,0.0,49.0241,0.0
6029,59,18.2567,299.762,49.0241,299.762
6029,60,18.2567,302.758,49.0241,302.758
6029,61,18.2567,476.393,49.0241,476.393
6029,62,18.2567,456.228,49.0241,456.228
6029,63,18.2567,300.837,49.0241,300.837
6029,64,18.2567,302.548,49.0241,302.548
6029,65,18.2567,503.029,49.0241,503.029
6029,66,18.2567,0.0,49.0241,0.0
6029,67,18.2567,286.989,49.0241,286.989
6029,68,18.2567,292.994,49.0241,292.994
6029,69,18.2567,0.0,49.0241,0.0
6029,70,18.2567,440.202,49.0241,440.202
6029,71,18.2567,436.565,49.0241,436.565
6029,72,18.2567,301.096,49.0241,301.096
6029,73,18.2567,449.068,49.0241,449.068
6029,74,18.2567,301.586,49.0241,301.586
6029,75,18.2567,304.384,49.0241,304.384
6031,1,204.479,377.239,200.469,412.511
6031,2,225.598,382.617,227.491,424.166
6031,3,114.776,192.402,65.7545,434.57
6031,4,123.19,400.145,142.036,320.826
6031,5,68.6942,294.451,70.587,252.902
6031,6,90.3753,74.1901,92.268,115.739
6031,7,109.07,607.346,157.626,611.758
6031,8,272.098,294.451,273.991,252.902
6031,46,71.5751,0.0,55.2019,0.0
6031,47,56.0775,41.549,57.9702,0.0
6031,48,56.0775,0.0,57.9702,41.549
6031,49,56.0775,607.779,57.9702,649.328
6031,50,56.0775,602.194,57.9702,643.743
6031,51,56.0775,122.832,57.9702,81.283
6031,52,56.0775,294.451,57.9702,252.902
6031,53,56.0775,377.239,57.9702,418.788
6031,54,106.992,192.402,57.9702,434.57
6031,55,106.992,0.0,103.993,0.0
6031,56,56.0775,231.755,57.9702,190.206
6031,57,56.0775,513.449,57.9702,471.9
6031,58,56.0775,74.1901,57.9702,115.739
6031,59,56.0775,373.952,57.9702,415.501
6031,60,56.0775,376.949,57.9702,418.497
6031,61,56.0775,402.203,57.9702,360.654
6031,62,56.0775,382.038,57.9702,340.489
6031,63,56.0775,375.027,57.9702,416.576
6031,64,56.0775,376.738,57.9702,418.287
6031,65,106.992,107.381,103.993,107.381
6031,66,56.0775,74.1901,57.9702,115.739
6031,67,56.0775,361.179,57.9702,402.728
6031,68,56.0775,367.184,57.9702,408.733
6031,69,56.0775,74.1901,57.9702,115.739
6031,70,56.0775,366.012,57.9702,324.463
6031,71,56.0775,362.375,57.9702,320.826
6031,72,56.0775,375.286,57.9702,416.835
6031,73,56.0775,374.878,57.9702,333.329
6031,74,56.0775,375.776,57.9702,417.325
6031,75,56.0775,378.574,57.9702,420.123
6033,1,307.94,759.277,277.271,884.411
6033,2,329.06,764.655,304.293,896.066
6033,3,167.323,190.934,142.557,334.612
6033,4,226.652,41.5249,218.838,152.579
6033,5,172.156,87.5869,147.389,218.998
6033,6,193.837,456.228,169.07,587.639
6033,7,193.601,435.731,234.428,481.691
6033,8,174.148,0.0,192.401,0.0
6033,46,159.539,371.981,134.773,503.392
6033,47,159.539,340.489,134.773,471.9
6033,48,159.539,382.038,134.773,513.449
6033,49,159.539,989.817,134.773,1121.23
6033,50,159.539,984.232,134.773,1115.64
6033,51,159.539,263.103,134.773,394.514
6033,52,159.539,87.5869,134.773,218.998
6033,53,159.539,759.277,134.773,890.688
6033,54,159.539,190.934,134.773,334.612
6033,55,159.539,365.646,134.773,509.325
6033,56,159.539,150.283,134.773,281.694
6033,57,140.609,0.0,134.773,0.0
6033,58,159.539,456.228,134.773,587.639
6033,59,159.539,755.99,134.773,887.401
6033,60,159.539,758.987,134.773,890.398
6033,61,159.539,20.8578,134.773,182.488
6033,62,159.539,0.0,134.773,161.63
6033,63,159.539,757.065,134.773,888.476
6033,64,159.539,758.776,134.773,890.187
6033,65,159.539,473.028,134.773,616.706
6033,66,159.539,456.228,134.773,587.639
6033,67,159.539,743.217,134.773,874.628
6033,68,159.539,749.222,134.773,880.633
6033,69,159.539,456.228,134.773,587.639
6033,70,159.539,16.0264,134.773,147.437
6033,71,159.539,21.1681,134.773,152.579
6033,72,159.539,757.324,134.773,888.735
6033,73,161.874,0.0,134.773,144.839
6033,74,159.539,757.815,134.773,889.226
6033,75,159.539,760.612,134.773,892.023
6035,1,328.822,984.585,350.538,1024.27
6035,2,349.941,989.963,377.56,1035.92
6035,3,188.205,527.895,215.824,573.855
6035,4,247.533,387.565,292.105,391.822
6035,5,193.037,324.178,220.656,370.138
6035,6,214.718,681.536,242.337,727.497
6035,7,146.401,0.0,127.356,0.0
6035,8,203.09,0.0,164.357,0.0
6035,46,180.421,597.289,208.039,643.249
6035,47,180.421,565.797,208.039,611.758
6035,48,180.421,607.346,208.039,653.306
6035,49,180.421,1215.12,208.039,1261.09
6035,50,180.421,1209.54,208.039,1255.5
6035,51,180.421,488.182,208.039,534.142
6035,52,180.421,324.178,208.039,370.138
6035,53,180.421,984.585,208.039,1030.55
6035,54,180.421,527.895,208.039,573.855
6035,55,180.421,702.608,208.039,748.568
6035,56,180.421,375.591,208.039,421.551
6035,57,180.421,435.731,208.039,481.691
6035,58,180.421,681.536,208.039,727.497
6035,59,180.421,981.298,208.039,1027.26
6035,60,180.421,984.295,208.039,1030.26
6035,61,180.421,375.771,208.039,421.731
6035,62,180.421,354.913,208.039,400.873
6035,63,180.421,982.373,208.039,1028.33
6035,64,180.421,984.084,208.039,1030.04
6035,65,180.421,809.989,208.039,855.949
6035,66,180.421,681.536,208.039,727.497
6035,67,180.421,968.525,208.039,1014.49
6035,68,180.421,974.53,208.039,1020.49
6035,69,180.421,681.536,208.039,727.497
6035,70,180.421,340.72,208.039,386.68
6035,71,180.421,345.862,208.039,391.822
6035,72,180.421,982.632,208.039,1028.59
6035,73,180.421,338.122,208.039,384.082
6035,74,180.421,983.123,208.039,1029.08
6035,75,180.421,985.921,208.039,1031.88
6037,1,189.03,82.4933,187.01,0.0
6037,2,210.149,29.6831,232.987,0.0
6037,3,48.413,623.634,67.4641,683.402
6037,4,110.235,623.634,129.286,683.402
6037,5,53.2454,655.63,72.2966,665.413
6037,6,74.9265,286.989,93.9776,296.772
6037,7,93.6207,968.525,159.336,1024.27
6037,8,256.65,655.63,275.701,665.413
6037,46,40.6287,452.463,59.6799,462.246
6037,47,40.6287,402.728,59.6799,412.511
6037,48,40.6287,361.179,59.6799,370.962
6037,49,40.6287,335.242,59.6799,261.231
6037,50,40.6287,329.658,59.6799,255.646
6037,51,40.6287,484.011,59.6799,493.794
6037,52,40.6287,655.63,59.6799,665.413
6037,53,40.6287,82.4933,59.6799,6.84912
6037,54,40.6287,623.634,59.6799,683.402
6037,55,40.6287,431.232,59.6799,491.0
6037,56,40.6287,592.934,59.6799,602.717
6037,57,40.6287,874.628,59.6799,884.411
6037,58,40.6287,286.989,59.6799,296.772
6037,59,40.6287,22.5032,59.6799,101.614
6037,60,40.6287,28.632,59.6799,105.082
6037,61,40.6287,763.382,59.6799,773.165
6037,62,40.6287,743.217,59.6799,753.0
6037,63,40.6287,23.578,59.6799,102.689
6037,64,40.6287,28.1553,59.6799,104.872
6037,65,40.6287,337.61,59.6799,397.378
6037,66,40.6287,286.989,59.6799,296.772
6037,67,40.6287,0.0,59.6799,81.726
6037,68,40.6287,9.58885,59.6799,90.7675
6037,69,40.6287,286.989,59.6799,296.772
6037,70,40.6287,727.191,59.6799,736.974
6037,71,40.6287,723.554,59.6799,733.337
6037,72,40.6287,23.8372,59.6799,102.948
6037,73,40.6287,736.057,59.6799,745.84
6037,74,40.6287,24.3276,59.6799,103.438
6037,75,40.6287,25.6405,59.6799,106.236
6039,1,194.057,500.071,205.136,493.794
6039,2,215.177,505.449,232.158,505.449
6039,3,48.8598,303.555,70.4214,360.404
6039,4,108.188,227.581,146.703,243.44
6039,5,53.6923,118.667,75.2539,175.516
6039,6,79.9535,197.022,96.9349,197.022
6039,7,94.0676,431.332,162.293,534.142
6039,8,257.096,118.667,278.658,175.516
6039,46,45.6558,112.775,62.6372,112.775
6039,47,45.6558,81.283,62.6372,81.283
6039,48,45.6558,122.832,62.6372,122.832
6039,49,45.6558,730.611,62.6372,730.611
6039,50,45.6558,725.026,62.6372,725.026
6039,51,45.6558,0.0,62.6372,0.0
6039,52,41.0756,118.667,62.6372,175.516
6039,53,45.6558,500.071,62.6372,500.071
6039,54,41.0756,303.555,62.6372,360.404
6039,55,41.0756,478.267,62.6372,535.117
6039,56,41.0756,82.1802,62.6372,139.03
6039,57,41.0756,337.665,62.6372,394.514
6039,58,45.6558,197.022,62.6372,197.022
6039,59,45.6558,496.784,62.6372,496.784
6039,60,45.6558,499.78,62.6372,499.78
6039,61,41.0756,226.418,62.6372,283.268
6039,62,41.0756,206.254,62.6372,263.103
6039,63,45.6558,497.859,62.6372,497.859
6039,64,45.6558,499.57,62.6372,499.57
6039,65,41.0756,585.648,62.6372,642.498
6039,66,45.6558,197.022,62.6372,197.022
6039,67,45.6558,484.011,62.6372,484.011
6039,68,45.6558,490.016,62.6372,490.016
6039,69,45.6558,197.022,62.6372,197.022
6039,70,41.0756,190.227,62.6372,247.077
6039,71,41.0756,186.591,62.6372,243.44
6039,72,45.6558,498.118,62.6372,498.118
6039,73,41.0756,199.094,62.6372,255.943
6039,74,45.6558,498.608,62.6372,498.608
6039,75,45.6558,501.406,62.6372,501.406
6041,1,185.204,779.442,163.189,773.165
6041,2,206.323,784.82,190.212,784.82
6041,3,44.5866,179.204,28.475,179.204
6041,4,103.915,29.7954,106.376,0.0
6041,5,49.4191,107.752,33.3075,107.752
6041,6,71.1002,476.393,54.9885,476.393
6041,7,89.7944,375.771,120.347,421.731
6041,8,248.463,43.9171,232.351,43.9171
6041,46,36.8024,392.145,20.6908,392.145
6041,47,36.8024,360.654,20.6908,360.654
6041,48,36.8024,402.203,20.6908,402.203
6041,49,36.8024,1009.98,20.6908,1009.98
6041,50,36.8024,1004.4,20.6908,1004.4
6041,51,36.8024,283.268,20.6908,283.268
6041,52,36.8024,107.752,20.6908,107.752
6041,53,36.8024,779.442,20.6908,779.442
6041,54,36.8024,179.204,20.6908,179.204
6041,55,36.8024,353.917,20.6908,353.917
6041,56,36.8024,170.448,20.6908,170.448
6041,57,52.3334,0.0,20.6908,182.488
6041,58,36.8024,476.393,20.6908,476.393
6041,59,36.8024,776.155,20.6908,776.155
6041,60,36.8024,779.151,20.6908,779.151
6041,61,36.8024,0.0,20.6908,0.0
6041,62,36.8024,20.8578,20.6908,20.8578
6041,63,36.8024,777.23,20.6908,777.23
6041,64,36.8024,778.941,20.6908,778.941
6041,65,36.8024,461.298,20.6908,461.298
6041,66,36.8024,476.393,20.6908,476.393
6041,67,36.8024,763.382,20.6908,763.382
6041,68,36.8024,769.386,20.6908,769.386
6041,69,36.8024,476.393,20.6908,476.393
6041,70,36.8024,36.8841,20.6908,36.8841
6041,71,36.8024,39.8276,20.6908,39.8276
6041,72,36.8024,777.489,20.6908,777.489
6041,73,36.8024,43.9171,20.6908,43.9171
6041,74,36.8024,777.979,20.6908,777.979
6041,75,36.8024,780.777,20.6908,780.777
6043,1,209.979,556.921,257.057,493.794
6043,2,231.099,562.298,284.079,505.449
6043,3,69.362,303.555,122.343,360.404
6043,4,128.691,227.581,198.624,243.44
6043,5,74.1945,118.667,127.175,175.516
6043,6,95.8756,253.872,148.856,197.022
6043,7,114.57,431.332,214.214,534.142
6043,8,277.599,118.667,330.579,175.516
6043,46,61.5778,169.624,114.558,112.775
6043,47,61.5778,138.133,114.558,81.283
6043,48,61.5778,179.682,114.558,122.832
6043,49,61.5778,787.46,114.558,730.611
6043,50,61.5778,781.875,114.558,725.026
6043,51,61.5778,56.8495,114.558,0.0
6043,52,61.5778,118.667,114.558,175.516
6043,53,61.5778,556.921,114.558,500.071
6043,54,61.5778,303.555,114.558,360.404
6043,55,61.5778,478.267,114.558,535.117
6043,56,61.5778,82.1802,114.558,139.03
6043,57,61.5778,337.665,114.558,394.514
6043,58,61.5778,253.872,114.558,197.022
6043,59,61.5778,553.633,114.558,496.784
6043,60,61.5778,556.63,114.558,499.78
6043,61,61.5778,226.418,114.558,283.268
6043,62,61.5778,206.254,114.558,263.103
6043,63,61.5778,554.708,114.558,497.859
6043,64,61.5778,556.419,114.558,499.57
6043,65,61.5778,585.648,114.558,642.498
6043,66,61.5778,253.872,114.558,197.022
6043,67,61.5778,540.861,114.558,484.011
6043,68,61.5778,546.865,114.558,490.016
6043,69,61.5778,253.872,114.558,197.022
6043,70,61.5778,190.227,114.558,247.077
6043,71,61.5778,186.591,114.558,243.44
6043,72,61.5778,554.968,114.558,498.118
6043,73,61.5778,199.094,114.558,255.943
6043,74,61.5778,555.458,114.558,498.608
6043,75,61.5778,558.256,114.558,501.406
6045,1,296.644,890.688,320.539,884.411
6045,2,317.763,896.066,347.562,896.066
6045,3,156.027,334.612,185.825,334.612
6045,4,215.355,194.282,262.106,152.579
6045,5,160.859,218.998,190.658,218.998
6045,6,182.54,587.639,212.339,587.639
6045,7,201.235,435.731,277.697,481.691
6045,8,249.256,0.0,279.054,0.0
6045,46,148.243,503.392,178.041,503.392
6045,47,148.243,471.9,178.041,471.9
6045,48,148.243,513.449,178.041,513.449
6045,49,148.243,1121.23,178.041,1121.23
6045,50,148.243,1115.64,178.041,1115.64
6045,51,148.243,394.514,178.041,394.514
6045,52,148.243,218.998,178.041,218.998
6045,53,148.243,890.688,178.041,890.688
6045,54,148.243,334.612,178.041,334.612
6045,55,148.243,509.325,178.041,509.325
6045,56,148.243,281.694,178.041,281.694
6045,57,148.243,0.0,178.041,0.0
6045,58,148.243,587.639,178.041,587.639
6045,59,148.243,887.401,178.041,887.401
6045,60,148.243,890.398,178.041,890.398
6045,61,148.243,182.488,178.041,182.488
6045,62,148.243,161.63,178.041,161.63
6045,63,148.243,888.476,178.041,888.476
6045,64,148.243,890.187,178.041,890.187
6045,65,148.243,616.706,178.041,616.706
6045,66,148.243,587.639,178.041,587.639
6045,67,148.243,874.628,178.041,874.628
6045,68,148.243,880.633,178.041,880.633
6045,69,148.243,587.639,178.041,587.639
6045,70,148.243,147.437,178.041,147.437
6045,71,148.243,152.579,178.041,152.579
6045,72,148.243,888.735,178.041,888.735
6045,73,148.243,144.839,178.041,144.839
6045,74,148.243,889.226,178.041,889.226
6045,75,148.243,892.023,178.041,892.023
6047,1,179.384,556.921,180.597,602.717
6047,2,200.503,562.298,207.619,614.372
6047,3,35.2716,244.364,45.8824,244.364
6047,4,94.6002,168.39,122.164,130.62
6047,5,40.1041,62.6963,50.7149,62.6963
6047,6,65.2803,253.872,72.396,305.945
6047,7,80.4794,375.591,137.754,421.551
6047,8,243.508,62.6963,254.119,62.6963
6047,46,30.9826,169.624,38.0982,221.698
6047,47,30.9826,138.133,38.0982,190.206
6047,48,30.9826,179.682,38.0982,231.755
6047,49,30.9826,787.46,38.0982,839.534
6047,50,30.9826,781.875,38.0982,833.949
6047,51,30.9826,56.8495,38.0982,139.03
6047,52,27.4874,62.6963,38.0982,62.6963
6047,53,30.9826,556.921,38.0982,608.994
6047,54,27.4874,244.364,38.0982,244.364
6047,55,27.4874,419.076,38.0982,419.076
6047,56,27.4874,0.0,38.0982,0.0
6047,57,27.4874,281.694,38.0982,281.694
6047,58,30.9826,253.872,38.0982,305.945
6047,59,30.9826,553.633,38.0982,605.707
6047,60,30.9826,556.63,38.0982,608.704
6047,61,27.4874,170.448,38.0982,170.448
6047,62,27.4874,150.283,38.0982,150.283
6047,63,30.9826,554.708,38.0982,606.782
6047,64,30.9826,556.419,38.0982,608.493
6047,65,27.4874,526.458,38.0982,526.458
6047,66,30.9826,253.872,38.0982,305.945
6047,67,30.9826,540.861,38.0982,592.934
6047,68,30.9826,546.865,38.0982,598.939
6047,69,30.9826,253.872,38.0982,305.945
6047,70,27.4874,134.257,38.0982,134.257
6047,71,27.4874,130.62,38.0982,130.62
6047,72,30.9826,554.968,38.0982,607.041
6047,73,27.4874,143.123,38.0982,143.123
6047,74,30.9826,555.458,38.0982,607.531
6047,75,30.9826,558.256,38.0982,610.329
6049,1,201.954,1253.5,333.304,1246.72
6049,2,223.073,1258.88,360.326,1258.37
6049,3,61.3368,770.82,198.59,770.312
6049,4,120.665,630.491,274.871,588.279
6049,5,66.1693,593.097,203.422,592.588
6049,6,87.8503,950.455,225.103,949.947
6049,7,106.545,454.927,281.017,0.0
6049,8,348.543,0.0,366.521,0.0
6049,46,53.5526,866.208,190.806,865.699
6049,47,53.5526,834.716,190.806,834.208
6049,48,53.5526,876.265,190.806,875.757
6049,49,53.5526,1484.04,190.806,1483.54
6049,50,53.5526,1478.46,190.806,1477.95
6049,51,53.5526,757.1,190.806,756.592
6049,52,53.5526,593.097,190.806,592.588
6049,53,53.5526,1253.5,190.806,1253.0
6049,54,53.5526,770.82,190.806,770.312
6049,55,53.5526,945.533,190.806,945.024
6049,56,53.5526,644.51,190.806,644.001
6049,57,53.5526,678.656,190.806,678.148
6049,58,53.5526,950.455,190.806,949.947
6049,59,53.5526,1250.22,190.806,1249.71
6049,60,53.5526,1253.21,190.806,1252.71
6049,61,53.5526,618.697,190.806,618.188
6049,62,53.5526,597.839,190.806,597.33
6049,63,53.5526,1251.29,190.806,1250.78
6049,64,53.5526,1253.0,190.806,1252.49
6049,65,53.5526,1052.91,190.806,1052.41
6049,66,53.5526,950.455,190.806,949.947
6049,67,53.5526,1237.44,190.806,1236.94
6049,68,53.5526,1243.45,190.806,1242.94
6049,69,53.5526,950.455,190.806,949.947
6049,70,53.5526,583.646,190.806,583.137
6049,71,53.5526,588.787,190.806,588.279
6049,72,53.5526,1251.55,190.806,1251.04
6049,73,53.5526,581.047,190.806,580.539
6049,74,53.5526,1252.04,190.806,1251.53
6049,75,53.5526,1254.84,190.806,1254.33
6051,1,398.07,556.921,360.195,602.717
6051,2,419.19,562.298,387.217,614.372
6051,3,257.453,303.555,225.48,244.364
6051,4,316.782,227.581,317.869,0.0
6051,5,262.286,118.667,230.313,62.6963
6051,6,283.967,253.872,251.994,305.945
6051,7,298.513,0.0,203.584,0.0
6051,8,470.054,0.0,375.125,0.0
6051,46,249.669,169.624,217.696,221.698
6051,47,249.669,138.133,217.696,190.206
6051,48,249.669,179.682,217.696,231.755
6051,49,249.669,787.46,217.696,839.534
6051,50,249.669,781.875,217.696,833.949
6051,51,249.669,56.8495,217.696,139.03
6051,52,249.669,118.667,217.696,62.6963
6051,53,249.669,556.921,217.696,608.994
6051,54,249.669,303.555,217.696,244.364
6051,55,249.669,478.267,217.696,419.076
6051,56,249.669,82.1802,217.696,0.0
6051,57,249.669,337.665,217.696,281.694
6051,58,249.669,253.872,217.696,305.945
6051,59,249.669,553.633,217.696,605.707
6051,60,249.669,556.63,217.696,608.704
6051,61,249.669,226.418,217.696,170.448
6051,62,249.669,206.254,217.696,150.283
6051,63,249.669,554.708,217.696,606.782
6051,64,249.669,556.419,217.696,608.493
6051,65,249.669,585.648,217.696,526.458
6051,66,249.669,253.872,217.696,305.945
6051,67,249.669,540.861,217.696,592.934
6051,68,249.669,546.865,217.696,598.939
6051,69,249.669,253.872,217.696,305.945
6051,70,249.669,190.227,217.696,134.257
6051,71,249.669,186.591,217.696,130.62
6051,72,249.669,554.968,217.696,607.041
6051,73,249.669,199.094,217.696,143.123
6051,74,249.669,555.458,217.696,607.531
6051,75,249.669,558.256,217.696,610.329
6053,1,252.224,484.15,235.19,683.402
6053,2,273.343,452.669,262.213,645.072
6053,3,89.213,0.0,85.9565,0.0
6053,4,151.469,0.0,157.363,0.0
6053,5,108.565,219.741,105.309,219.741
6053,6,191.136,165.474,126.99,550.309
6053,7,148.94,527.895,192.348,573.855
6053,8,307.609,196.041,304.352,196.041
6053,46,156.838,0.0,92.6919,466.061
6053,47,156.838,57.4519,92.6919,434.57
6053,48,156.838,98.2275,92.6919,476.119
6053,49,103.822,749.284,92.6919,941.686
6053,50,103.822,743.699,92.6919,936.101
6053,51,95.9484,360.404,92.6919,360.404
6053,52,95.9484,219.741,92.6919,219.741
6053,53,103.822,484.15,92.6919,676.553
6053,54,95.9484,0.0,92.6919,0.0
6053,55,103.822,0.0,92.6919,192.402
6053,56,95.9484,244.364,92.6919,244.364
6053,57,95.9484,334.612,92.6919,334.612
6053,58,156.838,165.474,92.6919,550.309
6053,59,103.822,444.005,92.6919,636.407
6053,60,103.822,447.001,92.6919,639.403
6053,61,95.9484,179.204,92.6919,179.204
6053,62,95.9484,190.934,92.6919,190.934
6053,63,103.822,445.08,92.6919,637.482
6053,64,103.822,446.79,92.6919,639.193
6053,65,103.822,107.381,92.6919,299.784
6053,66,156.838,165.474,92.6919,550.309
6053,67,103.822,431.232,92.6919,623.634
6053,68,103.822,437.236,92.6919,629.639
6053,69,156.838,165.474,92.6919,550.309
6053,70,95.9484,187.175,92.6919,187.175
6053,71,95.9484,182.48,92.6919,182.48
6053,72,103.822,445.339,92.6919,637.741
6053,73,95.9484,196.041,92.6919,196.041
6053,74,103.822,445.829,92.6919,638.231
6053,75,103.822,448.627,92.6919,641.029
6055,1,181.912,759.277,210.235,753.0
6055,2,203.032,764.655,237.258,764.655
6055,3,41.2954,190.934,75.5213,190.934
6055,4,100.624,41.5249,151.803,21.1681
6055,5,46.1279,87.5869,80.3538,87.5869
6055,6,67.809,456.228,102.035,456.228
6055,7,88.8384,338.122,169.728,384.082
6055,8,213.479,0.0,209.526,0.0
6055,46,33.5112,371.981,67.7371,371.981
6055,47,33.5112,340.489,67.7371,340.489
6055,48,33.5112,382.038,67.7371,382.038
6055,49,33.5112,989.817,67.7371,989.817
6055,50,33.5112,984.232,67.7371,984.232
6055,51,33.5112,263.103,67.7371,263.103
6055,52,33.5112,87.5869,67.7371,87.5869
6055,53,33.5112,759.277,67.7371,759.277
6055,54,33.5112,190.934,67.7371,190.934
6055,55,33.5112,365.646,67.7371,365.646
6055,56,33.5112,150.283,67.7371,150.283
6055,57,62.0311,0.0,70.0723,144.839
6055,58,33.5112,456.228,67.7371,456.228
6055,59,33.5112,755.99,67.7371,755.99
6055,60,33.5112,758.987,67.7371,758.987
6055,61,33.5112,20.8578,67.7371,20.8578
6055,62,33.5112,0.0,67.7371,0.0
6055,63,33.5112,757.065,67.7371,757.065
6055,64,33.5112,758.776,67.7371,758.776
6055,65,33.5112,473.028,67.7371,473.028
6055,66,33.5112,456.228,67.7371,456.228
6055,67,33.5112,743.217,67.7371,743.217
6055,68,33.5112,749.222,67.7371,749.222
6055,69,33.5112,456.228,67.7371,456.228
6055,70,33.5112,16.0264,67.7371,16.0264
6055,71,33.5112,21.1681,67.7371,21.1681
6055,72,33.5112,757.324,67.7371,757.324
6055,73,35.8464,0.0,70.0723,0.0
6055,74,33.5112,757.815,67.7371,757.815
6055,75,33.5112,760.612,67.7371,760.612
6057,1,263.862,984.585,317.002,665.413
6057,2,284.982,989.963,344.024,677.068
6057,3,123.245,527.895,182.288,219.741
6057,4,182.574,387.565,258.569,67.9239
6057,5,128.078,324.178,172.388,0.0
6057,6,149.759,681.536,208.801,368.641
6057,7,137.566,0.0,159.447,0.0
6057,8,149.39,0.0,127.509,0.0
6057,46,115.461,597.289,174.503,284.394
6057,47,115.461,565.797,174.503,252.902
6057,48,115.461,607.346,174.503,294.451
6057,49,115.461,1215.12,174.503,902.23
6057,50,115.461,1209.54,174.503,896.645
6057,51,115.461,488.182,174.503,175.516
6057,52,115.461,324.178,174.503,0.0
6057,53,115.461,984.585,174.503,671.69
6057,54,115.461,527.895,174.503,219.741
6057,55,115.461,702.608,174.503,394.453
6057,56,115.461,375.591,174.503,62.6963
6057,57,115.461,435.731,174.503,218.998
6057,58,115.461,681.536,174.503,368.641
6057,59,115.461,981.298,174.503,668.403
6057,60,115.461,984.295,174.503,671.4
6057,61,115.461,375.771,174.503,107.752
6057,62,115.461,354.913,174.503,87.5869
6057,63,115.461,982.373,174.503,669.478
6057,64,115.461,984.084,174.503,671.189
6057,65,115.461,809.989,174.503,501.835
6057,66,115.461,681.536,174.503,368.641
6057,67,115.461,968.525,174.503,655.63
6057,68,115.461,974.53,174.503,661.635
6057,69,115.461,681.536,174.503,368.641
6057,70,115.461,340.72,174.503,71.5606
6057,71,115.461,345.862,174.503,67.9239
6057,72,115.461,982.632,174.503,669.737
6057,73,115.461,338.122,174.503,80.4269
6057,74,115.461,983.123,174.503,670.228
6057,75,115.461,985.921,174.503,673.025
6059,1,182.564,0.0,182.564,0.0
6059,2,136.003,0.0,136.003,0.0
6059,3,53.8854,629.639,53.8854,629.639
6059,4,115.708,629.639,115.708,629.639
6059,5,58.7178,661.635,58.7178,661.635
6059,6,80.3989,292.994,80.3989,292.994
6059,7,99.0931,974.53,145.757,1020.49
6059,8,262.122,661.635,262.122,661.635
6059,46,46.1011,458.468,46.1011,458.468
6059,47,46.1011,408.733,46.1011,408.733
6059,48,46.1011,367.184,46.1011,367.184
6059,49,46.1011,343.752,46.1011,343.752
6059,50,46.1011,338.167,46.1011,338.167
6059,51,46.1011,490.016,46.1011,490.016
6059,52,46.1011,661.635,46.1011,661.635
6059,53,46.1011,89.3749,46.1011,89.3749
6059,54,46.1011,629.639,46.1011,629.639
6059,55,46.1011,437.236,46.1011,437.236
6059,56,46.1011,598.939,46.1011,598.939
6059,57,46.1011,880.633,46.1011,880.633
6059,58,46.1011,292.994,46.1011,292.994
6059,59,46.244,8.97925,46.244,8.97925
6059,60,46.1011,27.6542,46.1011,27.6542
6059,61,46.1011,769.386,46.1011,769.386
6059,62,46.1011,749.222,46.1011,749.222
6059,63,46.244,7.90438,46.244,7.90438
6059,64,46.244,18.8377,46.244,18.8377
6059,65,46.1011,343.615,46.1011,343.615
6059,66,46.1011,292.994,46.1011,292.994
6059,67,46.1011,9.58885,46.1011,9.58885
6059,68,46.1011,0.0,46.1011,0.0
6059,69,46.1011,292.994,46.1011,292.994
6059,70,46.1011,733.196,46.1011,733.196
6059,71,46.1011,729.559,46.1011,729.559
6059,72,46.244,7.33073,46.244,7.33073
6059,73,46.1011,742.062,46.1011,742.062
6059,74,46.244,6.84032,46.244,6.84032
6059,75,46.244,4.95339,46.244,4.95339
6061,1,252.61,671.69,319.132,665.413
6061,2,273.73,677.068,346.154,677.068
6061,3,111.993,219.741,184.418,219.741
6061,4,171.322,110.074,260.699,67.9239
6061,5,100.827,0.0,174.518,0.0
6061,6,138.507,368.641,210.931,368.641
6061,7,157.201,324.178,137.376,0.0
6061,8,125.652,0.0,163.258,0.0
6061,46,104.209,284.394,176.633,284.394
6061,47,104.209,252.902,176.633,252.902
6061,48,104.209,294.451,176.633,294.451
6061,49,104.209,902.23,176.633,902.23
6061,50,104.209,896.645,176.633,896.645
6061,51,104.209,175.516,176.633,175.516
6061,52,104.209,0.0,176.633,0.0
6061,53,104.209,671.69,176.633,671.69
6061,54,104.209,219.741,176.633,219.741
6061,55,104.209,394.453,176.633,394.453
6061,56,104.209,62.6963,176.633,62.6963
6061,57,116.374,144.839,176.633,218.998
6061,58,104.209,368.641,176.633,368.641
6061,59,104.209,668.403,176.633,668.403
6061,60,104.209,671.4,176.633,671.4
6061,61,104.209,107.752,176.633,107.752
6061,62,116.374,23.0594,176.633,87.5869
6061,63,104.209,669.478,176.633,669.478
6061,64,104.209,671.189,176.633,671.189
6061,65,104.209,501.835,176.633,501.835
6061,66,104.209,368.641,176.633,368.641
6061,67,104.209,655.63,176.633,655.63
6061,68,104.209,661.635,176.633,661.635
6061,69,104.209,368.641,176.633,368.641
6061,70,104.209,71.5606,176.633,71.5606
6061,71,104.209,67.9239,176.633,67.9239
6061,72,104.209,669.737,176.633,669.737
6061,73,116.374,0.0,176.633,80.4269
6061,74,104.209,670.228,176.633,670.228
6061,75,104.209,673.025,176.633,673.025
6063,1,274.421,984.585,323.093,1024.27
6063,2,295.54,989.963,350.116,1035.92
6063,3,133.804,527.895,188.379,573.855
6063,4,193.132,387.565,264.661,391.822
6063,5,138.636,324.178,193.212,370.138
6063,6,160.317,681.536,214.893,727.497
6063,7,73.0277,0.0,80.9393,0.0
6063,8,143.677,0.0,135.766,0.0
6063,46,126.02,597.289,180.595,643.249
6063,47,126.02,565.797,180.595,611.758
6063,48,126.02,607.346,180.595,653.306
6063,49,126.02,1215.12,180.595,1261.09
6063,50,126.02,1209.54,180.595,1255.5
6063,51,126.02,488.182,180.595,534.142
6063,52,126.02,324.178,180.595,370.138
6063,53,126.02,984.585,180.595,1030.55
6063,54,126.02,527.895,180.595,573.855
6063,55,126.02,702.608,180.595,748.568
6063,56,126.02,375.591,180.595,421.551
6063,57,126.02,435.731,180.595,481.691
6063,58,126.02,681.536,180.595,727.497
6063,59,126.02,981.298,180.595,1027.26
6063,60,126.02,984.295,180.595,1030.26
6063,61,126.02,375.771,180.595,421.731
6063,62,126.02,354.913,180.595,400.873
6063,63,126.02,982.373,180.595,1028.33
6063,64,126.02,984.084,180.595,1030.04
6063,65,126.02,809.989,180.595,855.949
6063,66,126.02,681.536,180.595,727.497
6063,67,126.02,968.525,180.595,1014.49
6063,68,126.02,974.53,180.595,1020.49
6063,69,126.02,681.536,180.595,727.497
6063,70,126.02,340.72,180.595,386.68
6063,71,126.02,345.862,180.595,391.822
6063,72,126.02,982.632,180.595,1028.59
6063,73,126.02,338.122,180.595,384.082
6063,74,126.02,983.123,180.595,1029.08
6063,75,126.02,985.921,180.595,1031.88
6065,1,156.149,0.0,91.3706,0.0
6065,2,331.792,0.0,174.121,0.0
6065,3,137.178,936.101,110.553,683.402
6065,4,199.0,936.101,172.375,683.402
6065,5,142.01,896.645,115.386,665.413
6065,6,163.691,528.004,137.067,296.772
6065,7,182.385,1209.54,202.425,1024.27
6065,8,345.414,896.645,318.79,665.413
6065,46,129.393,693.478,102.769,462.246
6065,47,129.393,643.743,102.769,412.511
6065,48,129.393,602.194,102.769,370.962
6065,49,134.954,0.0,102.769,261.231
6065,50,129.393,0.0,102.769,255.646
6065,51,129.393,725.026,102.769,493.794
6065,52,129.393,896.645,102.769,665.413
6065,53,129.393,261.923,102.769,6.84912
6065,54,129.393,936.101,102.769,683.402
6065,55,129.393,743.699,102.769,491.0
6065,56,129.393,833.949,102.769,602.717
6065,57,129.393,1115.64,102.769,884.411
6065,58,129.393,528.004,102.769,296.772
6065,59,129.393,349.545,102.769,101.614
6065,60,129.393,353.014,102.769,105.082
6065,61,129.393,1004.4,102.769,773.165
6065,62,129.393,984.232,102.769,753.0
6065,63,129.393,350.62,102.769,102.689
6065,64,129.393,352.803,102.769,104.872
6065,65,129.393,650.077,102.769,397.378
6065,66,129.393,528.004,102.769,296.772
6065,67,129.393,329.658,102.769,81.726
6065,68,129.393,338.167,102.769,90.7675
6065,69,129.393,528.004,102.769,296.772
6065,70,129.393,968.206,102.769,736.974
6065,71,129.393,964.569,102.769,733.337
6065,72,129.393,350.879,102.769,102.948
6065,73,129.393,977.072,102.769,745.84
6065,74,129.393,351.37,102.769,103.438
6065,75,129.393,354.167,102.769,106.236
6067,1,196.989,671.69,208.37,665.413
6067,2,218.109,677.068,235.392,677.068
6067,3,56.3723,219.741,73.6556,219.741
6067,4,115.701,110.074,149.937,67.9239
6067,5,41.5409,0.0,63.7559,0.0
6067,6,82.8859,368.641,100.169,368.641
6067,7,101.58,324.178,165.527,370.138
6067,8,167.433,0.0,159.461,0.0
6067,46,48.5881,284.394,65.8714,284.394
6067,47,48.5881,252.902,65.8714,252.902
6067,48,48.5881,294.451,65.8714,294.451
6067,49,48.5881,902.23,65.8714,902.23
6067,50,48.5881,896.645,65.8714,896.645
6067,51,48.5881,175.516,65.8714,175.516
6067,52,48.5881,0.0,65.8714,0.0
6067,53,48.5881,671.69,65.8714,671.69
6067,54,48.5881,219.741,65.8714,219.741
6067,55,48.5881,394.453,65.8714,394.453
6067,56,48.5881,62.6963,65.8714,62.6963
6067,57,48.5881,218.998,65.8714,218.998
6067,58,48.5881,368.641,65.8714,368.641
6067,59,48.5881,668.403,65.8714,668.403
6067,60,48.5881,671.4,65.8714,671.4
6067,61,48.5881,107.752,65.8714,107.752
6067,62,48.5881,87.5869,65.8714,87.5869
6067,63,48.5881,669.478,65.8714,669.478
6067,64,48.5881,671.189,65.8714,671.189
6067,65,48.5881,501.835,65.8714,501.835
6067,66,48.5881,368.641,65.8714,368.641
6067,67,48.5881,655.63,65.8714,655.63
6067,68,48.5881,661.635,65.8714,661.635
6067,69,48.5881,368.641,65.8714,368.641
6067,70,48.5881,71.5606,65.8714,71.5606
6067,71,48.5881,67.9239,65.8714,67.9239
6067,72,48.5881,669.737,65.8714,669.737
6067,73,48.5881,80.4269,65.8714,80.4269
6067,74,48.5881,670.228,65.8714,670.228
6067,75,48.5881,673.025,65.8714,673.025
6069,1,195.949,676.553,228.957,683.402
6069,2,217.068,645.072,255.98,645.072
6069,3,42.9538,0.0,81.8652,0.0
6069,4,67.591,0.0,118.502,0.0
6069,5,60.1642,219.741,99.0756,219.741
6069,6,81.8453,550.309,184.283,165.474
6069,7,100.54,527.895,186.115,573.855
6069,8,259.208,196.041,298.119,196.041
6069,46,47.5475,466.061,149.985,0.0
6069,47,47.5475,434.57,145.0,81.283
6069,48,47.5475,476.119,145.0,122.832
6069,49,47.5475,941.686,86.4589,941.686
6069,50,47.5475,936.101,86.4589,936.101
6069,51,47.5475,360.404,145.0,0.0
6069,52,47.5475,219.741,86.4589,219.741
6069,53,47.5475,676.553,86.4589,676.553
6069,54,47.5475,0.0,86.4589,0.0
6069,55,47.5475,192.402,86.4589,192.402
6069,56,47.5475,244.364,86.4589,244.364
6069,57,47.5475,334.612,86.4589,334.612
6069,58,47.5475,550.309,149.985,165.474
6069,59,47.5475,636.407,86.4589,636.407
6069,60,47.5475,639.403,86.4589,639.403
6069,61,47.5475,179.204,86.4589,179.204
6069,62,47.5475,190.934,86.4589,190.934
6069,63,47.5475,637.482,86.4589,637.482
6069,64,47.5475,639.193,86.4589,639.193
6069,65,47.5475,299.784,86.4589,299.784
6069,66,47.5475,550.309,149.985,165.474
6069,67,47.5475,623.634,86.4589,623.634
6069,68,47.5475,629.639,86.4589,629.639
6069,69,47.5475,550.309,149.985,165.474
6069,70,47.5475,187.175,86.4589,187.175
6069,71,47.5475,182.48,86.4589,182.48
6069,72,47.5475,637.741,86.4589,637.741
6069,73,47.5475,196.041,86.4589,196.041
6069,74,47.5475,638.231,86.4589,638.231
6069,75,47.5475,641.029,86.4589,641.029
6071,1,243.446,0.0,146.536,0.0
6071,2,364.419,0.0,215.299,0.0
6071,3,202.209,676.553,86.3911,683.402
6071,4,264.031,676.553,148.213,683.402
6071,5,207.041,671.69,91.2236,665.413
6071,6,228.722,303.049,112.905,296.772
6071,7,247.417,984.585,178.263,1024.27
6071,8,410.445,671.69,294.628,665.413
6071,46,194.425,468.523,78.6069,462.246
6071,47,194.425,418.788,78.6069,412.511
6071,48,194.425,377.239,78.6069,370.962
6071,49,194.425,267.508,78.6069,261.231
6071,50,194.425,261.923,78.6069,255.646
6071,51,194.425,500.071,78.6069,493.794
6071,52,194.425,671.69,78.6069,665.413
6071,53,194.425,0.0,78.6069,6.84912
6071,54,194.425,676.553,78.6069,683.402
6071,55,194.425,484.15,78.6069,491.0
6071,56,194.425,608.994,78.6069,602.717
6071,57,194.425,890.688,78.6069,884.411
6071,58,194.425,303.049,78.6069,296.772
6071,59,194.425,96.9323,78.6069,101.614
6071,60,194.425,99.9288,78.6069,105.082
6071,61,194.425,779.442,78.6069,773.165
6071,62,194.425,759.277,78.6069,753.0
6071,63,194.425,98.0072,78.6069,102.689
6071,64,194.425,99.7181,78.6069,104.872
6071,65,194.425,390.529,78.6069,397.378
6071,66,194.425,303.049,78.6069,296.772
6071,67,194.425,82.4933,78.6069,81.726
6071,68,194.425,89.3749,78.6069,90.7675
6071,69,194.425,303.049,78.6069,296.772
6071,70,194.425,743.251,78.6069,736.974
6071,71,194.425,739.614,78.6069,733.337
6071,72,194.425,98.2664,78.6069,102.948
6071,73,194.425,752.117,78.6069,745.84
6071,74,194.425,98.7568,78.6069,103.438
6071,75,194.425,101.554,78.6069,106.236
6073,1,159.855,0.0,187.798,0.0
6073,2,75.9946,0.0,64.9033,0.0
6073,3,191.998,645.072,142.162,941.686
6073,4,253.82,645.072,203.985,941.686
6073,5,192.325,671.69,146.995,902.23
6073,6,214.006,303.049,168.676,533.589
6073,7,232.701,984.585,234.034,1261.09
6073,8,395.729,671.69,350.399,902.23
6073,46,179.709,468.523,134.378,699.063
6073,47,179.709,418.788,134.378,649.328
6073,48,179.709,377.239,134.378,607.779
6073,49,144.809,0.0,134.378,0.0
6073,50,150.866,0.0,134.378,40.0754
6073,51,179.709,500.071,134.378,730.611
6073,52,179.709,671.69,134.378,902.23
6073,53,179.709,0.0,134.378,267.508
6073,54,184.213,645.072,134.378,941.686
6073,55,184.213,452.669,134.378,749.284
6073,56,179.709,608.994,134.378,839.534
6073,57,179.709,890.688,134.378,1121.23
6073,58,179.709,303.049,134.378,533.589
6073,59,184.213,8.97925,134.378,355.13
6073,60,184.213,30.9914,134.378,358.599
6073,61,179.709,779.442,134.378,1009.98
6073,62,179.709,759.277,134.378,989.817
6073,63,184.213,7.90438,134.378,356.205
6073,64,184.213,18.8377,134.378,358.388
6073,65,184.213,359.048,134.378,655.662
6073,66,179.709,303.049,134.378,533.589
6073,67,184.213,29.6831,134.378,335.242
6073,68,184.213,23.6793,134.378,343.752
6073,69,179.709,303.049,134.378,533.589
6073,70,179.709,743.251,134.378,973.791
6073,71,179.709,739.614,134.378,970.154
6073,72,184.213,7.33073,134.378,356.464
6073,73,179.709,752.117,134.378,982.657
6073,74,184.213,6.84032,134.378,356.954
6073,75,184.213,4.95339,134.378,359.752
6075,1,166.951,777.384,176.487,773.165
6075,2,188.071,782.762,203.509,784.82
6075,3,26.3341,157.936,41.7728,179.204
6075,4,75.7652,0.0,75.7652,0.0
6075,5,31.1666,110.074,46.6053,107.752
6075,6,52.8477,474.335,68.2864,476.393
6075,7,71.5419,387.565,133.644,421.731
6075,8,230.21,55.7112,245.649,43.9171
6075,46,18.5499,390.088,33.9886,392.145
6075,47,18.5499,358.596,33.9886,360.654
6075,48,18.5499,400.145,33.9886,402.203
6075,49,18.5499,1007.92,33.9886,1009.98
6075,50,18.5499,1002.34,33.9886,1004.4
6075,51,18.5499,284.431,33.9886,283.268
6075,52,18.5499,110.074,33.9886,107.752
6075,53,18.5499,777.384,33.9886,779.442
6075,54,18.5499,157.936,33.9886,179.204
6075,55,18.5499,332.648,33.9886,353.917
6075,56,18.5499,168.39,33.9886,170.448
6075,57,18.5499,194.282,33.9886,182.488
6075,58,18.5499,474.335,33.9886,476.393
6075,59,18.5499,774.097,33.9886,776.155
6075,60,18.5499,777.094,33.9886,779.151
6075,61,18.5499,29.7954,33.9886,0.0
6075,62,18.5499,41.5249,33.9886,20.8578
6075,63,18.5499,775.172,33.9886,777.23
6075,64,18.5499,776.883,33.9886,778.941
6075,65,18.5499,440.03,33.9886,461.298
6075,66,18.5499,474.335,33.9886,476.393
6075,67,18.5499,761.324,33.9886,763.382
6075,68,18.5499,767.329,33.9886,769.386
6075,69,18.5499,474.335,33.9886,476.393
6075,70,18.5499,46.8449,33.9886,36.8841
6075,71,18.5499,42.1502,33.9886,39.8276
6075,72,18.5499,775.431,33.9886,777.489
6075,73,18.5499,55.7112,33.9886,43.9171
6075,74,18.5499,775.922,33.9886,777.979
6075,75,18.5499,778.719,33.9886,780.777
6077,1,166.153,671.69,150.698,665.413
6077,2,187.273,677.068,177.721,677.068
6077,3,25.536,219.741,15.984,219.741
6077,4,84.8645,110.074,92.2653,67.9239
6077,5,23.0977,0.0,13.5458,0.0
6077,6,52.0495,368.641,42.4975,368.641
6077,7,70.7438,324.178,107.856,370.138
6077,8,221.773,0.0,215.277,0.0
6077,46,17.7518,284.394,8.19976,284.394
6077,47,17.7518,252.902,8.19976,252.902
6077,48,17.7518,294.451,8.19976,294.451
6077,49,17.7518,902.23,8.19976,902.23
6077,50,17.7518,896.645,8.19976,896.645
6077,51,17.7518,175.516,8.19976,175.516
6077,52,17.7518,0.0,8.19976,0.0
6077,53,17.7518,671.69,8.19976,671.69
6077,54,17.7518,219.741,8.19976,219.741
6077,55,17.7518,394.453,8.19976,394.453
6077,56,17.7518,62.6963,8.19976,62.6963
6077,57,17.7518,218.998,8.19976,218.998
6077,58,17.7518,368.641,8.19976,368.641
6077,59,17.7518,668.403,8.19976,668.403
6077,60,17.7518,671.4,8.19976,671.4
6077,61,17.7518,107.752,8.19976,107.752
6077,62,17.7518,87.5869,8.19976,87.5869
6077,63,17.7518,669.478,8.19976,669.478
6077,64,17.7518,671.189,8.19976,671.189
6077,65,17.7518,501.835,8.19976,501.835
6077,66,17.7518,368.641,8.19976,368.641
6077,67,17.7518,655.63,8.19976,655.63
6077,68,17.7518,661.635,8.19976,661.635
6077,69,17.7518,368.641,8.19976,368.641
6077,70,17.7518,71.5606,8.19976,71.5606
6077,71,17.7518,67.9239,8.19976,67.9239
6077,72,17.7518,669.737,8.19976,669.737
6077,73,17.7518,80.4269,8.19976,80.4269
6077,74,17.7518,670.228,8.19976,670.228
6077,75,17.7518,673.025,8.19976,673.025
6079,1,154.084,484.15,206.664,491.0
6079,2,175.204,452.669,233.686,452.669
6079,3,13.4671,192.402,71.9499,192.402
6079,4,75.2894,192.402,133.772,192.402
6079,5,18.2996,394.453,76.7824,394.453
6079,6,39.9807,596.65,146.651,0.0
6079,7,58.6749,702.608,163.821,748.568
6079,8,217.343,370.754,275.826,370.754
6079,46,121.044,0.0,152.563,0.0
6079,47,5.68292,609.282,152.563,57.4519
6079,48,5.68292,650.831,148.307,75.4499
6079,49,5.68292,749.284,64.1657,749.284
6079,50,5.68292,743.699,64.1657,743.699
6079,51,5.68292,535.117,64.1657,535.117
6079,52,5.68292,394.453,64.1657,394.453
6079,53,5.68292,484.15,64.1657,484.15
6079,54,5.68292,192.402,64.1657,192.402
6079,55,5.68292,0.0,64.1657,0.0
6079,56,5.68292,419.076,64.1657,419.076
6079,57,5.68292,509.325,64.1657,509.325
6079,58,5.68292,596.65,148.307,2.9646
6079,59,5.68292,444.005,64.1657,444.005
6079,60,5.68292,447.001,64.1657,447.001
6079,61,5.68292,353.917,64.1657,353.917
6079,62,5.68292,365.646,64.1657,365.646
6079,63,5.68292,445.08,64.1657,445.08
6079,64,5.68292,446.79,64.1657,446.79
6079,65,5.68292,107.381,64.1657,107.381
6079,66,5.68292,596.65,148.307,2.9646
6079,67,5.68292,431.232,64.1657,431.232
6079,68,5.68292,437.236,64.1657,437.236
6079,69,5.68292,596.65,148.307,2.9646
6079,70,5.68292,361.887,64.1657,361.887
6079,71,5.68292,357.193,64.1657,357.193
6079,72,5.68292,445.339,64.1657,445.339
6079,73,5.68292,370.754,64.1657,370.754
6079,74,5.68292,445.829,64.1657,445.829
6079,75,5.68292,448.627,64.1657,448.627
6081,1,211.805,777.384,239.078,683.402
6081,2,232.925,782.762,266.101,645.072
6081,3,98.5428,0.0,101.273,0.0
6081,4,52.3104,0.0,55.0411,0.0
6081,5,76.0205,110.074,109.746,107.752
6081,6,97.7016,474.335,131.428,476.393
6081,7,116.396,387.565,196.786,421.731
6081,8,275.064,55.7112,308.79,43.9171
6081,46,63.4038,390.088,97.1298,392.145
6081,47,63.4038,358.596,97.1298,360.654
6081,48,63.4038,400.145,97.1298,402.203
6081,49,63.4038,1007.92,96.5801,941.686
6081,50,63.4038,1002.34,96.5801,936.101
6081,51,63.4038,284.431,97.1298,283.268
6081,52,63.4038,110.074,97.1298,107.752
6081,53,63.4038,777.384,96.5801,676.553
6081,54,63.4038,157.936,96.5801,0.0
6081,55,63.4038,332.648,96.5801,192.402
6081,56,63.4038,168.39,97.1298,170.448
6081,57,63.4038,194.282,97.1298,182.488
6081,58,63.4038,474.335,97.1298,476.393
6081,59,63.4038,774.097,96.5801,636.407
6081,60,63.4038,777.094,96.5801,639.403
6081,61,63.4038,29.7954,97.1298,0.0
6081,62,63.4038,41.5249,97.1298,20.8578
6081,63,63.4038,775.172,96.5801,637.482
6081,64,63.4038,776.883,96.5801,639.193
6081,65,63.4038,440.03,96.5801,299.784
6081,66,63.4038,474.335,97.1298,476.393
6081,67,63.4038,761.324,96.5801,623.634
6081,68,63.4038,767.329,96.5801,629.639
6081,69,63.4038,474.335,97.1298,476.393
6081,70,63.4038,46.8449,97.1298,36.8841
6081,71,63.4038,42.1502,97.1298,39.8276
6081,72,63.4038,775.431,96.5801,637.741
6081,73,63.4038,55.7112,97.1298,43.9171
6081,74,63.4038,775.922,96.5801,638.231
6081,75,63.4038,778.719,96.5801,641.029
6083,1,210.323,390.529,228.152,397.378
6083,2,231.443,359.048,255.174,359.048
6083,3,69.7064,299.784,93.4376,299.784
6083,4,131.529,299.784,155.26,299.784
6083,5,74.5389,501.835,98.2701,501.835
6083,6,96.2199,503.029,119.951,503.029
6083,7,114.914,809.989,185.309,855.949
6083,8,273.583,478.135,297.314,478.135
6083,46,61.9221,668.503,85.6534,668.503
6083,47,61.9221,618.768,85.6534,618.768
6083,48,61.9221,577.219,85.6534,577.219
6083,49,61.9221,655.662,85.6534,655.662
6083,50,61.9221,650.077,85.6534,650.077
6083,51,61.9221,642.498,85.6534,642.498
6083,52,61.9221,501.835,85.6534,501.835
6083,53,61.9221,390.529,85.6534,390.529
6083,54,61.9221,299.784,85.6534,299.784
6083,55,61.9221,107.381,85.6534,107.381
6083,56,61.9221,526.458,85.6534,526.458
6083,57,61.9221,616.706,85.6534,616.706
6083,58,61.9221,503.029,85.6534,503.029
6083,59,61.9221,350.383,85.6534,350.383
6083,60,61.9221,353.38,85.6534,353.38
6083,61,61.9221,461.298,85.6534,461.298
6083,62,61.9221,473.028,85.6534,473.028
6083,63,61.9221,351.458,85.6534,351.458
6083,64,61.9221,353.169,85.6534,353.169
6083,65,61.9221,0.0,85.6534,0.0
6083,66,61.9221,503.029,85.6534,503.029
6083,67,61.9221,337.61,85.6534,337.61
6083,68,61.9221,343.615,85.6534,343.615
6083,69,61.9221,503.029,85.6534,503.029
6083,70,61.9221,469.269,85.6534,469.269
6083,71,61.9221,464.574,85.6534,464.574
6083,72,61.9221,351.717,85.6534,351.717
6083,73,61.9221,478.135,85.6534,478.135
6083,74,61.9221,352.208,85.6534,352.208
6083,75,61.9221,355.005,85.6534,355.005
6085,1,205.324,676.553,206.809,683.402
6085,2,226.444,645.072,233.831,645.072
6085,3,55.8373,0.0,63.2248,0.0
6085,4,25.4269,0.0,25.4873,0.0
6085,5,69.5396,219.741,76.9271,219.741
6085,6,91.2207,550.309,98.6082,550.309
6085,7,109.915,527.895,163.966,573.855
6085,8,268.583,196.041,275.971,196.041
6085,46,56.9229,466.061,64.3104,466.061
6085,47,56.9229,434.57,64.3104,434.57
6085,48,56.9229,476.119,64.3104,476.119
6085,49,56.9229,941.686,64.3104,941.686
6085,50,56.9229,936.101,64.3104,936.101
6085,51,56.9229,360.404,64.3104,360.404
6085,52,56.9229,219.741,64.3104,219.741
6085,53,56.9229,676.553,64.3104,676.553
6085,54,56.9229,0.0,64.3104,0.0
6085,55,56.9229,192.402,64.3104,192.402
6085,56,56.9229,244.364,64.3104,244.364
6085,57,56.9229,334.612,64.3104,334.612
6085,58,56.9229,550.309,64.3104,550.309
6085,59,56.9229,636.407,64.3104,636.407
6085,60,56.9229,639.403,64.3104,639.403
6085,61,56.9229,179.204,64.3104,179.204
6085,62,56.9229,190.934,64.3104,190.934
6085,63,56.9229,637.482,64.3104,637.482
6085,64,56.9229,639.193,64.3104,639.193
6085,65,56.9229,299.784,64.3104,299.784
6085,66,56.9229,550.309,64.3104,550.309
6085,67,56.9229,623.634,64.3104,623.634
6085,68,56.9229,629.639,64.3104,629.639
6085,69,56.9229,550.309,64.3104,550.309
6085,70,56.9229,187.175,64.3104,187.175
6085,71,56.9229,182.48,64.3104,182.48
6085,72,56.9229,637.741,64.3104,637.741
6085,73,56.9229,196.041,64.3104,196.041
6085,74,56.9229,638.231,64.3104,638.231
6085,75,56.9229,641.029,64.3104,641.029
6087,1,179.568,676.553,177.629,683.402
6087,2,200.687,645.072,204.652,645.072
6087,3,35.86,0.0,39.8242,0.0
6087,4,38.4398,0.0,59.2908,0.0
6087,5,43.7834,219.741,47.7475,219.741
6087,6,65.4644,550.309,69.4286,550.309
6087,7,84.1587,527.895,134.787,573.855
6087,8,242.827,196.041,246.791,196.041
6087,46,31.1667,466.061,35.1308,466.061
6087,47,31.1667,434.57,35.1308,434.57
6087,48,31.1667,476.119,35.1308,476.119
6087,49,31.1667,941.686,35.1308,941.686
6087,50,31.1667,936.101,35.1308,936.101
6087,51,31.1667,360.404,35.1308,360.404
6087,52,31.1667,219.741,35.1308,219.741
6087,53,31.1667,676.553,35.1308,676.553
6087,54,31.1667,0.0,35.1308,0.0
6087,55,31.1667,192.402,35.1308,192.402
6087,56,31.1667,244.364,35.1308,244.364
6087,57,31.1667,334.612,35.1308,334.612
6087,58,31.1667,550.309,35.1308,550.309
6087,59,31.1667,636.407,35.1308,636.407
6087,60,31.1667,639.403,35.1308,639.403
6087,61,31.1667,179.204,35.1308,179.204
6087,62,31.1667,190.934,35.1308,190.934
6087,63,31.1667,637.482,35.1308,637.482
6087,64,31.1667,639.193,35.1308,639.193
6087,65,31.1667,299.784,35.1308,299.784
6087,66,31.1667,550.309,35.1308,550.309
6087,67,31.1667,623.634,35.1308,623.634
6087,68,31.1667,629.639,35.1308,629.639
6087,69,31.1667,550.309,35.1308,550.309
6087,70,31.1667,187.175,35.1308,187.175
6087,71,31.1667,182.48,35.1308,182.48
6087,72,31.1667,637.741,35.1308,637.741
6087,73,31.1667,196.041,35.1308,196.041
6087,74,31.1667,638.231,35.1308,638.231
6087,75,31.1667,641.029,35.1308,641.029
6089,1,477.367,752.117,432.044,1024.27
6089,2,498.487,757.495,459.066,1035.92
6089,3,336.751,196.041,359.477,196.041
6089,4,396.079,55.7112,435.758,14.0081
6089,5,351.361,0.0,370.749,0.0
6089,6,363.264,449.068,323.843,727.497
6089,7,280.693,0.0,208.862,0.0
6089,8,142.927,0.0,163.854,0.0
6089,46,328.966,364.821,289.546,643.249
6089,47,328.966,333.329,289.546,611.758
6089,48,328.966,374.878,289.546,653.306
6089,49,328.966,982.657,289.546,1261.09
6089,50,328.966,977.072,289.546,1255.5
6089,51,328.966,255.943,289.546,534.142
6089,52,328.966,80.4269,289.546,370.138
6089,53,328.966,752.117,289.546,1030.55
6089,54,328.966,196.041,351.693,196.041
6089,55,328.966,370.754,351.693,370.754
6089,56,328.966,143.123,289.546,421.551
6089,57,328.966,144.839,351.693,144.839
6089,58,328.966,449.068,289.546,727.497
6089,59,328.966,748.83,289.546,1027.26
6089,60,328.966,751.827,289.546,1030.26
6089,61,328.966,43.9171,351.693,43.9171
6089,62,328.966,23.0594,351.693,23.0594
6089,63,328.966,749.905,289.546,1028.33
6089,64,328.966,751.616,289.546,1030.04
6089,65,328.966,478.135,351.693,478.135
6089,66,328.966,449.068,289.546,727.497
6089,67,328.966,736.057,289.546,1014.49
6089,68,328.966,742.062,289.546,1020.49
6089,69,328.966,449.068,289.546,727.497
6089,70,328.966,8.86628,351.693,8.86628
6089,71,328.966,14.0081,351.693,14.0081
6089,72,328.966,750.164,289.546,1028.59
6089,73,328.966,0.0,351.693,0.0
6089,74,328.966,750.655,289.546,1029.08
6089,75,328.966,753.452,289.546,1031.88
6091,1,261.745,984.585,373.27,665.413
6091,2,282.864,989.963,400.292,677.068
6091,3,121.128,527.895,238.555,219.741
6091,4,180.456,387.565,314.837,67.9239
6091,5,125.96,324.178,228.656,0.0
6091,6,147.641,681.536,265.069,368.641
6091,7,61.297,0.0,104.435,0.0
6091,8,203.411,0.0,160.273,0.0
6091,46,113.343,597.289,230.771,284.394
6091,47,113.343,565.797,230.771,252.902
6091,48,113.343,607.346,230.771,294.451
6091,49,113.343,1215.12,230.771,902.23
6091,50,113.343,1209.54,230.771,896.645
6091,51,113.343,488.182,230.771,175.516
6091,52,113.343,324.178,230.771,0.0
6091,53,113.343,984.585,230.771,671.69
6091,54,113.343,527.895,230.771,219.741
6091,55,113.343,702.608,230.771,394.453
6091,56,113.343,375.591,230.771,62.6963
6091,57,113.343,435.731,243.833,144.839
6091,58,113.343,681.536,230.771,368.641
6091,59,113.343,981.298,230.771,668.403
6091,60,113.343,984.295,230.771,671.4
6091,61,113.343,375.771,230.771,107.752
6091,62,113.343,354.913,230.771,87.5869
6091,63,113.343,982.373,230.771,669.478
6091,64,113.343,984.084,230.771,671.189
6091,65,113.343,809.989,230.771,501.835
6091,66,113.343,681.536,230.771,368.641
6091,67,113.343,968.525,230.771,655.63
6091,68,113.343,974.53,230.771,661.635
6091,69,113.343,681.536,230.771,368.641
6091,70,113.343,340.72,230.771,71.5606
6091,71,113.343,345.862,230.771,67.9239
6091,72,113.343,982.632,230.771,669.737
6091,73,113.343,338.122,243.833,0.0
6091,74,113.343,983.123,230.771,670.228
6091,75,113.343,985.921,230.771,673.025
6093,1,298.598,1253.5,362.597,1322.0
6093,2,319.718,1258.88,389.62,1333.66
6093,3,157.981,770.82,227.883,845.598
6093,4,217.31,630.491,304.165,663.565
6093,5,162.814,593.097,232.716,667.874
6093,6,184.495,950.455,254.397,1025.23
6093,7,203.189,454.927,343.384,500.378
6093,8,278.77,0.0,389.271,0.0
6093,46,150.197,866.208,220.099,940.985
6093,47,150.197,834.716,220.099,909.493
6093,48,150.197,876.265,220.099,951.042
6093,49,150.197,1484.04,220.099,1558.82
6093,50,150.197,1478.46,220.099,1553.24
6093,51,150.197,757.1,220.099,831.878
6093,52,150.197,593.097,220.099,667.874
6093,53,150.197,1253.5,220.099,1328.28
6093,54,150.197,770.82,220.099,845.598
6093,55,150.197,945.533,220.099,1020.31
6093,56,150.197,644.51,220.099,719.287
6093,57,150.197,678.656,220.099,753.434
6093,58,150.197,950.455,220.099,1025.23
6093,59,150.197,1250.22,220.099,1324.99
6093,60,150.197,1253.21,220.099,1327.99
6093,61,150.197,618.697,220.099,693.474
6093,62,150.197,597.839,220.099,672.616
6093,63,150.197,1251.29,220.099,1326.07
6093,64,150.197,1253.0,220.099,1327.78
6093,65,150.197,1052.91,220.099,1127.69
6093,66,150.197,950.455,220.099,1025.23
6093,67,150.197,1237.44,220.099,1312.22
6093,68,150.197,1243.45,220.099,1318.23
6093,69,150.197,950.455,220.099,1025.23
6093,70,150.197,583.646,220.099,658.423
6093,71,150.197,588.787,220.099,663.565
6093,72,150.197,1251.55,220.099,1326.33
6093,73,150.197,581.047,220.099,655.825
6093,74,150.197,1252.04,220.099,1326.82
6093,75,150.197,1254.84,220.099,1329.62
6095,1,199.33,752.117,178.872,745.84
6095,2,220.449,757.495,205.894,757.495
6095,3,58.7127,196.041,44.1578,196.041
6095,4,118.041,55.7112,120.439,14.0081
6095,5,63.5452,80.4269,48.9903,80.4269
6095,6,85.2262,449.068,70.6714,449.068
6095,7,103.92,338.122,136.029,384.082
6095,8,160.732,0.0,180.01,0.0
6095,46,50.9285,364.821,36.3736,364.821
6095,47,50.9285,333.329,36.3736,333.329
6095,48,50.9285,374.878,36.3736,374.878
6095,49,50.9285,982.657,36.3736,982.657
6095,50,50.9285,977.072,36.3736,977.072
6095,51,50.9285,255.943,36.3736,255.943
6095,52,50.9285,80.4269,36.3736,80.4269
6095,53,50.9285,752.117,36.3736,752.117
6095,54,50.9285,196.041,36.3736,196.041
6095,55,50.9285,370.754,36.3736,370.754
6095,56,50.9285,143.123,36.3736,143.123
6095,57,50.9285,144.839,36.3736,144.839
6095,58,50.9285,449.068,36.3736,449.068
6095,59,50.9285,748.83,36.3736,748.83
6095,60,50.9285,751.827,36.3736,751.827
6095,61,50.9285,43.9171,36.3736,43.9171
6095,62,50.9285,23.0594,36.3736,23.0594
6095,63,50.9285,749.905,36.3736,749.905
6095,64,50.9285,751.616,36.3736,751.616
6095,65,50.9285,478.135,36.3736,478.135
6095,66,50.9285,449.068,36.3736,449.068
6095,67,50.9285,736.057,36.3736,736.057
6095,68,50.9285,742.062,36.3736,742.062
6095,69,50.9285,449.068,36.3736,449.068
6095,70,50.9285,8.86628,36.3736,8.86628
6095,71,50.9285,14.0081,36.3736,14.0081
6095,72,50.9285,750.164,36.3736,750.164
6095,73,50.9285,0.0,36.3736,0.0
6095,74,50.9285,750.655,36.3736,750.655
6095,75,50.9285,753.452,36.3736,753.452
6097,1,207.092,890.688,224.177,884.411
6097,2,228.211,896.066,251.2,896.066
6097,3,66.4749,334.612,89.4632,334.612
6097,4,125.803,194.282,165.744,152.579
6097,5,71.3074,218.998,94.2957,218.998
6097,6,92.9884,587.639,115.977,587.639
6097,7,111.683,435.731,181.335,481.691
6097,8,248.371,0.0,293.339,144.839
6097,46,58.6907,503.392,81.6789,503.392
6097,47,58.6907,471.9,81.6789,471.9
6097,48,58.6907,513.449,81.6789,513.449
6097,49,58.6907,1121.23,81.6789,1121.23
6097,50,58.6907,1115.64,81.6789,1115.64
6097,51,58.6907,394.514,81.6789,394.514
6097,52,58.6907,218.998,81.6789,218.998
6097,53,58.6907,890.688,81.6789,890.688
6097,54,58.6907,334.612,81.6789,334.612
6097,55,58.6907,509.325,81.6789,509.325
6097,56,58.6907,281.694,81.6789,281.694
6097,57,58.6907,0.0,81.6789,0.0
6097,58,58.6907,587.639,81.6789,587.639
6097,59,58.6907,887.401,81.6789,887.401
6097,60,58.6907,890.398,81.6789,890.398
6097,61,58.6907,182.488,81.6789,182.488
6097,62,58.6907,161.63,81.6789,161.63
6097,63,58.6907,888.476,81.6789,888.476
6097,64,58.6907,890.187,81.6789,890.187
6097,65,58.6907,616.706,81.6789,616.706
6097,66,58.6907,587.639,81.6789,587.639
6097,67,58.6907,874.628,81.6789,874.628
6097,68,58.6907,880.633,81.6789,880.633
6097,69,58.6907,587.639,81.6789,587.639
6097,70,58.6907,147.437,81.6789,147.437
6097,71,58.6907,152.579,81.6789,152.579
6097,72,58.6907,888.735,81.6789,888.735
6097,73,58.6907,144.839,81.6789,144.839
6097,74,58.6907,889.226,81.6789,889.226
6097,75,58.6907,892.023,81.6789,892.023
6099,1,175.214,608.994,161.027,602.717
6099,2,196.334,614.372,188.049,614.372
6099,3,34.5974,244.364,26.313,244.364
6099,4,93.926,168.39,127.27,0.0
6099,5,39.4299,62.6963,31.1455,62.6963
6099,6,61.1109,305.945,52.8265,305.945
6099,7,79.8052,375.591,118.185,421.551
6099,8,242.834,62.6963,234.55,62.6963
6099,46,26.8132,221.698,18.5287,221.698
6099,47,26.8132,190.206,18.5287,190.206
6099,48,26.8132,231.755,18.5287,231.755
6099,49,26.8132,839.534,18.5287,839.534
6099,50,26.8132,833.949,18.5287,833.949
6099,51,26.8132,139.03,18.5287,139.03
6099,52,26.8132,62.6963,18.5287,62.6963
6099,53,26.8132,608.994,18.5287,608.994
6099,54,26.8132,244.364,18.5287,244.364
6099,55,26.8132,419.076,18.5287,419.076
6099,56,26.8132,0.0,18.5287,0.0
6099,57,26.8132,281.694,18.5287,281.694
6099,58,26.8132,305.945,18.5287,305.945
6099,59,26.8132,605.707,18.5287,605.707
6099,60,26.8132,608.704,18.5287,608.704
6099,61,26.8132,170.448,18.5287,170.448
6099,62,26.8132,150.283,18.5287,150.283
6099,63,26.8132,606.782,18.5287,606.782
6099,64,26.8132,608.493,18.5287,608.493
6099,65,26.8132,526.458,18.5287,526.458
6099,66,26.8132,305.945,18.5287,305.945
6099,67,26.8132,592.934,18.5287,592.934
6099,68,26.8132,598.939,18.5287,598.939
6099,69,26.8132,305.945,18.5287,305.945
6099,70,26.8132,134.257,18.5287,134.257
6099,71,26.8132,130.62,18.5287,130.62
6099,72,26.8132,607.041,18.5287,607.041
6099,73,26.8132,143.123,18.5287,143.123
6099,74,26.8132,607.531,18.5287,607.531
6099,75,26.8132,610.329,18.5287,610.329
6101,1,305.869,671.69,277.048,665.413
6101,2,326.988,677.068,304.07,677.068
6101,3,160.892,196.041,131.648,196.041
6101,4,220.22,55.7112,207.929,14.0081
6101,5,150.421,0.0,127.503,0.0
6101,6,191.765,368.641,168.847,368.641
6101,7,216.489,0.0,224.405,0.0
6101,8,79.8763,0.0,87.7971,0.0
6101,46,157.468,284.394,134.55,284.394
6101,47,157.468,252.902,134.55,252.902
6101,48,157.468,294.451,134.55,294.451
6101,49,157.468,902.23,134.55,902.23
6101,50,157.468,896.645,134.55,896.645
6101,51,157.468,175.516,134.55,175.516
6101,52,157.468,0.0,134.55,0.0
6101,53,157.468,671.69,134.55,671.69
6101,54,153.107,196.041,123.863,196.041
6101,55,153.107,370.754,123.863,370.754
6101,56,157.468,62.6963,134.55,62.6963
6101,57,153.107,144.839,123.863,144.839
6101,58,157.468,368.641,134.55,368.641
6101,59,157.468,668.403,134.55,668.403
6101,60,157.468,671.4,134.55,671.4
6101,61,153.107,43.9171,123.863,43.9171
6101,62,153.107,23.0594,123.863,23.0594
6101,63,157.468,669.478,134.55,669.478
6101,64,157.468,671.189,134.55,671.189
6101,65,153.107,478.135,123.863,478.135
6101,66,157.468,368.641,134.55,368.641
6101,67,157.468,655.63,134.55,655.63
6101,68,157.468,661.635,134.55,661.635
6101,69,157.468,368.641,134.55,368.641
6101,70,153.107,8.86628,123.863,8.86628
6101,71,153.107,14.0081,123.863,14.0081
6101,72,157.468,669.737,134.55,669.737
6101,73,153.107,0.0,123.863,0.0
6101,74,157.468,670.228,134.55,670.228
6101,75,157.468,673.025,134.55,673.025
6103,1,391.512,752.117,411.724,665.413
6103,2,412.631,757.495,438.747,677.068
6103,3,250.895,196.041,272.65,196.041
6103,4,310.223,55.7112,348.931,14.0081
6103,5,262.651,0.0,262.179,0.0
6103,6,277.408,449.068,303.524,368.641
6103,7,270.383,0.0,198.795,0.0
6103,8,54.2172,0.0,55.2839,0.0
6103,46,243.111,364.821,269.226,284.394
6103,47,243.111,333.329,269.226,252.902
6103,48,243.111,374.878,269.226,294.451
6103,49,243.111,982.657,269.226,902.23
6103,50,243.111,977.072,269.226,896.645
6103,51,243.111,255.943,269.226,175.516
6103,52,243.111,80.4269,269.226,0.0
6103,53,243.111,752.117,269.226,671.69
6103,54,243.111,196.041,264.866,196.041
6103,55,243.111,370.754,264.866,370.754
6103,56,243.111,143.123,269.226,62.6963
6103,57,243.111,144.839,264.866,144.839
6103,58,243.111,449.068,269.226,368.641
6103,59,243.111,748.83,269.226,668.403
6103,60,243.111,751.827,269.226,671.4
6103,61,243.111,43.9171,264.866,43.9171
6103,62,243.111,23.0594,264.866,23.0594
6103,63,243.111,749.905,269.226,669.478
6103,64,243.111,751.616,269.226,671.189
6103,65,243.111,478.135,264.866,478.135
6103,66,243.111,449.068,269.226,368.641
6103,67,243.111,736.057,269.226,655.63
6103,68,243.111,742.062,269.226,661.635
6103,69,243.111,449.068,269.226,368.641
6103,70,243.111,8.86628,264.866,8.86628
6103,71,243.111,14.0081,264.866,14.0081
6103,72,243.111,750.164,269.226,669.737
6103,73,243.111,0.0,264.866,0.0
6103,74,243.111,750.655,269.226,670.228
6103,75,243.111,753.452,269.226,673.025
6105,1,534.175,752.117,514.194,745.84
6105,2,555.294,757.495,541.216,757.495
6105,3,393.558,196.041,379.48,196.041
6105,4,452.886,55.7112,455.761,14.0081
6105,5,408.168,0.0,394.09,0.0
6105,6,420.071,449.068,405.993,449.068
6105,7,375.447,0.0,381.132,0.0
6105,8,199.734,0.0,185.656,0.0
6105,46,385.773,364.821,371.696,364.821
6105,47,385.773,333.329,371.696,333.329
6105,48,385.773,374.878,371.696,374.878
6105,49,385.773,982.657,371.696,982.657
6105,50,385.773,977.072,371.696,977.072
6105,51,385.773,255.943,371.696,255.943
6105,52,385.773,80.4269,371.696,80.4269
6105,53,385.773,752.117,371.696,752.117
6105,54,385.773,196.041,371.696,196.041
6105,55,385.773,370.754,371.696,370.754
6105,56,385.773,143.123,371.696,143.123
6105,57,385.773,144.839,371.696,144.839
6105,58,385.773,449.068,371.696,449.068
6105,59,385.773,748.83,371.696,748.83
6105,60,385.773,751.827,371.696,751.827
6105,61,385.773,43.9171,371.696,43.9171
6105,62,385.773,23.0594,371.696,23.0594
6105,63,385.773,749.905,371.696,749.905
6105,64,385.773,751.616,371.696,751.616
6105,65,385.773,478.135,371.696,478.135
6105,66,385.773,449.068,371.696,449.068
6105,67,385.773,736.057,371.696,736.057
6105,68,385.773,742.062,371.696,742.062
6105,69,385.773,449.068,371.696,449.068
6105,70,385.773,8.86628,371.696,8.86628
6105,71,385.773,14.0081,371.696,14.0081
6105,72,385.773,750.164,371.696,750.164
6105,73,385.773,0.0,371.696,0.0
6105,74,385.773,750.655,371.696,750.655
6105,75,385.773,753.452,371.696,753.452
6107,1,173.259,377.239,231.798,412.511
6107,2,194.379,382.617,258.82,424.166
6107,3,28.0091,434.57,97.0838,434.57
6107,4,87.3377,358.596,173.365,320.826
6107,5,32.8416,252.902,101.916,252.902
6107,6,59.1558,74.1901,123.597,115.739
6107,7,73.2169,565.797,188.955,611.758
6107,8,236.246,252.902,305.32,252.902
6107,46,20.2249,57.4519,89.2996,57.4519
6107,47,20.2249,0.0,89.2996,0.0
6107,48,24.8581,0.0,89.2996,41.549
6107,49,24.8581,607.779,89.2996,649.328
6107,50,24.8581,602.194,89.2996,643.743
6107,51,20.2249,81.283,89.2996,81.283
6107,52,20.2249,252.902,89.2996,252.902
6107,53,24.8581,377.239,89.2996,418.788
6107,54,20.2249,434.57,89.2996,434.57
6107,55,20.2249,609.282,89.2996,609.282
6107,56,20.2249,190.206,89.2996,190.206
6107,57,20.2249,471.9,89.2996,471.9
6107,58,24.8581,74.1901,89.2996,115.739
6107,59,24.8581,373.952,89.2996,415.501
6107,60,24.8581,376.949,89.2996,418.497
6107,61,20.2249,360.654,89.2996,360.654
6107,62,20.2249,340.489,89.2996,340.489
6107,63,24.8581,375.027,89.2996,416.576
6107,64,24.8581,376.738,89.2996,418.287
6107,65,24.8581,577.219,89.2996,618.768
6107,66,24.8581,74.1901,89.2996,115.739
6107,67,24.8581,361.179,89.2996,402.728
6107,68,24.8581,367.184,89.2996,408.733
6107,69,24.8581,74.1901,89.2996,115.739
6107,70,20.2249,324.463,89.2996,324.463
6107,71,20.2249,320.826,89.2996,320.826
6107,72,24.8581,375.286,89.2996,416.835
6107,73,20.2249,333.329,89.2996,333.329
6107,74,24.8581,375.776,89.2996,417.325
6107,75,24.8581,378.574,89.2996,420.123
6109,1,277.015,608.994,243.536,602.717
6109,2,298.134,614.372,270.559,614.372
6109,3,136.398,244.364,108.822,244.364
6109,4,195.727,168.39,201.21,0.0
6109,5,141.23,62.6963,113.655,62.6963
6109,6,162.911,305.945,135.336,305.945
6109,7,181.606,375.591,200.694,421.551
6109,8,321.638,0.0,294.063,0.0
6109,46,128.614,221.698,101.038,221.698
6109,47,128.614,190.206,101.038,190.206
6109,48,128.614,231.755,101.038,231.755
6109,49,128.614,839.534,101.038,839.534
6109,50,128.614,833.949,101.038,833.949
6109,51,128.614,139.03,101.038,139.03
6109,52,128.614,62.6963,101.038,62.6963
6109,53,128.614,608.994,101.038,608.994
6109,54,128.614,244.364,101.038,244.364
6109,55,128.614,419.076,101.038,419.076
6109,56,128.614,0.0,101.038,0.0
6109,57,128.614,281.694,101.038,281.694
6109,58,128.614,305.945,101.038,305.945
6109,59,128.614,605.707,101.038,605.707
6109,60,128.614,608.704,101.038,608.704
6109,61,128.614,170.448,101.038,170.448
6109,62,128.614,150.283,101.038,150.283
6109,63,128.614,606.782,101.038,606.782
6109,64,128.614,608.493,101.038,608.493
6109,65,128.614,526.458,101.038,526.458
6109,66,128.614,305.945,101.038,305.945
6109,67,128.614,592.934,101.038,592.934
6109,68,128.614,598.939,101.038,598.939
6109,69,128.614,305.945,101.038,305.945
6109,70,128.614,134.257,101.038,134.257
6109,71,128.614,130.62,101.038,130.62
6109,72,128.614,607.041,101.038,607.041
6109,73,128.614,143.123,101.038,143.123
6109,74,128.614,607.531,101.038,607.531
6109,75,128.614,610.329,101.038,610.329
6111,1,272.704,99.9288,310.979,105.082
6111,2,293.824,30.9914,338.001,30.9914
6111,3,186.346,299.784,171.403,299.784
6111,4,248.168,299.784,233.226,299.784
6111,5,176.869,368.641,153.062,369.901
6111,6,159.24,0.0,123.741,0.0
6111,7,217.245,681.536,240.101,728.756
6111,8,380.273,368.641,356.466,369.901
6111,46,164.253,165.474,140.445,162.509
6111,47,164.253,115.739,140.445,116.999
6111,48,164.253,74.1901,140.445,75.4499
6111,49,124.303,358.599,168.481,358.599
6111,50,124.303,353.014,168.481,353.014
6111,51,164.253,197.022,140.445,198.282
6111,52,164.253,368.641,140.445,369.901
6111,53,124.303,99.9288,168.481,99.9288
6111,54,178.562,299.784,163.619,299.784
6111,55,178.562,107.381,163.619,107.381
6111,56,164.253,305.945,140.445,307.205
6111,57,164.253,587.639,140.445,588.899
6111,58,164.253,0.0,140.445,2.9646
6111,59,124.303,26.3072,168.481,26.3072
6111,60,124.303,0.0,168.481,0.0
6111,61,164.253,476.393,140.445,477.653
6111,62,164.253,456.228,140.445,457.488
6111,63,124.303,25.2324,168.481,25.2324
6111,64,124.303,13.1056,168.481,13.1056
6111,65,178.562,0.0,163.619,0.0
6111,66,164.253,0.0,140.445,2.9646
6111,67,128.937,0.0,168.481,28.632
6111,68,124.303,27.6542,168.481,27.6542
6111,69,164.253,0.0,140.445,2.9646
6111,70,164.253,440.202,140.445,441.462
6111,71,164.253,436.565,140.445,437.825
6111,72,124.303,24.7823,168.481,24.7823
6111,73,164.253,449.068,140.445,450.328
6111,74,124.303,24.6736,168.481,24.6736
6111,75,124.303,26.9488,168.481,26.9488
6113,1,231.504,752.117,225.201,745.84
6113,2,252.624,757.495,252.223,757.495
6113,3,90.8871,196.041,90.4866,196.041
6113,4,150.216,55.7112,166.768,14.0081
6113,5,95.7196,80.4269,95.3191,80.4269
6113,6,117.401,449.068,117.0,449.068
6113,7,136.095,338.122,182.358,384.082
6113,8,147.99,0.0,140.552,0.0
6113,46,83.1029,364.821,82.7024,364.821
6113,47,83.1029,333.329,82.7024,333.329
6113,48,83.1029,374.878,82.7024,374.878
6113,49,83.1029,982.657,82.7024,982.657
6113,50,83.1029,977.072,82.7024,977.072
6113,51,83.1029,255.943,82.7024,255.943
6113,52,83.1029,80.4269,82.7024,80.4269
6113,53,83.1029,752.117,82.7024,752.117
6113,54,83.1029,196.041,82.7024,196.041
6113,55,83.1029,370.754,82.7024,370.754
6113,56,83.1029,143.123,82.7024,143.123
6113,57,83.1029,144.839,82.7024,144.839
6113,58,83.1029,449.068,82.7024,449.068
6113,59,83.1029,748.83,82.7024,748.83
6113,60,83.1029,751.827,82.7024,751.827
6113,61,83.1029,43.9171,82.7024,43.9171
6113,62,83.1029,23.0594,82.7024,23.0594
6113,63,83.1029,749.905,82.7024,749.905
6113,64,83.1029,751.616,82.7024,751.616
6113,65,83.1029,478.135,82.7024,478.135
6113,66,83.1029,449.068,82.7024,449.068
6113,67,83.1029,736.057,82.7024,736.057
6113,68,83.1029,742.062,82.7024,742.062
6113,69,83.1029,449.068,82.7024,449.068
6113,70,83.1029,8.86628,82.7024,8.86628
6113,71,83.1029,14.0081,82.7024,14.0081
6113,72,83.1029,750.164,82.7024,750.164
6113,73,83.1029,0.0,82.7024,0.0
6113,74,83.1029,750.655,82.7024,750.655
6113,75,83.1029,753.452,82.7024,753.452
6115,1,291.482,671.69,327.383,665.413
6115,2,312.601,677.068,354.406,677.068
6115,3,150.865,219.741,194.21,196.041
6115,4,210.193,110.074,270.491,14.0081
6115,5,138.341,0.0,177.838,0.0
6115,6,177.378,368.641,219.183,368.641
6115,7,217.461,0.0,161.842,0.0
6115,8,88.8191,0.0,102.866,0.0
6115,46,143.081,284.394,184.885,284.394
6115,47,143.081,252.902,184.885,252.902
6115,48,143.081,294.451,184.885,294.451
6115,49,143.081,902.23,184.885,902.23
6115,50,143.081,896.645,184.885,896.645
6115,51,143.081,175.516,184.885,175.516
6115,52,143.081,0.0,184.885,0.0
6115,53,143.081,671.69,184.885,671.69
6115,54,143.081,219.741,186.426,196.041
6115,55,143.081,394.453,186.426,370.754
6115,56,143.081,62.6963,184.885,62.6963
6115,57,153.889,144.839,186.426,144.839
6115,58,143.081,368.641,184.885,368.641
6115,59,143.081,668.403,184.885,668.403
6115,60,143.081,671.4,184.885,671.4
6115,61,153.889,43.9171,186.426,43.9171
6115,62,153.889,23.0594,186.426,23.0594
6115,63,143.081,669.478,184.885,669.478
6115,64,143.081,671.189,184.885,671.189
6115,65,143.081,501.835,186.426,478.135
6115,66,143.081,368.641,184.885,368.641
6115,67,143.081,655.63,184.885,655.63
6115,68,143.081,661.635,184.885,661.635
6115,69,143.081,368.641,184.885,368.641
6115,70,153.889,8.86628,186.426,8.86628
6115,71,143.081,67.9239,186.426,14.0081
6115,72,143.081,669.737,184.885,669.737
6115,73,153.889,0.0,186.426,0.0
6115,74,143.081,670.228,184.885,670.228
6115,75,143.081,673.025,184.885,673.025
