0.00790767192,0.01375525056,0.00696113022,0.00784704018,0.00939801441,0.0078622455,0.00791625387,0.00779324241,0.00791625387,0.00799179609,0.00820904052,0.00939940437,0.00844400694,0.00798401442,0.00781527117,0.01310831895,0.01459772427,0.01471260657,0.01376252679,0.03272722715,0.01409306349,0.01410820563,0.00706015434,0.01379577,0.01471355427,0.01410091887,0.0078820419,0.00966712548,0.00806571669,0.00695159004,0.01471092177,0.01410803715,0.00794292636,0.01444698687,0.00948566199,0.01478610597,0.00820749261,0.00798932154,0.01410748959,0.01458824727,0.01588438497,0.0109847865,0.00929321985,0.00793394427,0.01457624307,0.01449990057,0.00655263236,0.00696039312,0.00826799799,0.00788169441,0.00792188742,0.01375687218,0.01369945209,0.0141031407,0.00796221732,0.00795836334,0.01411151205,0.01381411326,0.01471513377,0.01457245227,0.01379316909,0.00790792464,0.00689838195,0.00848502129,0.00786106614,0.01382871837,0.00789103452,0.0142856256,0.00949414917,0.00811838775,0.00795285615,0.00795502533,0.00792278247,0.01622285897,0.01490250045,0.01386862328,0.01411255146,0.03290912753,0.00971651634,0.01511842649,0.01497376717,0.0080271857,0.00796705059,0.01246516969,0.01426064585
0.00197393727557,0.00782152644557,0.00245676936557,0.00191331606557,3.10688417e-06,0.00192851085557,0.00198252975557,0.00185950776557,0.00198252975557,0.00205806144557,0.00227530587557,6.406198316e-06,0.00251028282557,0.00168680523557,0.00188153652557,0.00717458430557,0.00866402121557,0.00877890351557,0.00782880267557,0.02679345763,0.00815933937557,0.00817447098557,0.00234391935557,0.00786203535557,0.00877980909557,0.00816719475557,0.00194830725557,0.00373340136557,0.00213198204557,0.00245472654557,0.00877722924557,0.00817430250557,0.00200920224557,0.00851325947,0.00355192734557,0.00885232920557,0.00227375796557,0.00164416926557,0.00817375494557,0.00865454421557,0.00995060820557,0.00505106238557,0.00013832977457,0.00156223533557,0.00864255054557,0.00856612380557,0.00510808647557,0.00245607438557,0.00377547285557,0.00194797029557,0.00198815277557,0.00782314806557,0.00776571744557,0.00816940605557,0.00202849320557,0.00202462869557,0.00817778793557,0.00788038914557,0.00878138859557,0.00863874921557,0.00785943444557,0.00197418999557,0.00250274334557,0.00255128664557,0.00192734202557,0.00789499425557,0.00195731040557,0.00835190148557,0.00356042505557,0.00218465310557,0.00201913203557,0.00202130121557,0.00198905835557,0.010289076628,0.0089687176806,0.0079349121212,0.00817883349586,0.02697535801,0.0003227939128,0.009184726716,0.0090400130364,0.0020934595822,0.00203331594557,0.006531465642,0.0083269167404
0.0034987613702,0.0020397808802,0.0041461352402,0.0032860368174,0.0051536561702,0.0034533454802,0.0035073538502,0.0033843318602,0.0035073538502,0.0035828855402,0.0038001299702,0.0051550356002,0.0040351069202,0.0037396561802,0.0035433243302,0.0021354143402,0.0021320236802,0.0022469059802,0.0013145692502,0.02064089219,0.0013010452202,0.0013161768302,0.0040332852302,0.0020803003202,0.0022478115602,0.0013089006002,0.0034731418802,0.0059331009602,0.0036568061402,0.0041441029502,0.0022452317102,0.0013160083502,0.0035340263402,0.005240106256,0.0057516269402,0.0026997696902,0.0037985925902,0.0037449633002,0.0013154607902,0.0019241158502,0.0037980276302,0.0040810003202,0.0050488616102,0.0036895860302,0.0021105530102,0.0027843887702,0.0067974523502,0.0041454402602,0.0054648492602,0.0034727943902,0.0035129874002,0.0020414025002,0.0014945796002,0.0014918909402,0.0035533173002,0.0035494633202,0.0013194937802,0.0013483916102,0.0022493910602,0.0021067516802,0.0020776994102,0.0034990140902,0.0041921092202,0.0040761107402,0.0034521661202,0.0013629967202,0.0034821345002,0.0025701559202,0.0057601141202,0.0037094772002,0.0035439561302,0.0035461253102,0.0035138824502,0.003617124196,0.002436731124,0.0021531771072,0.0013205391738,0.02082279257,0.005472154836,0.002326432582,0.002309575872,0.0036182942282,0.0035581505702,0.008056289758,0.001794920936
0.0072116383998,0.0017788575198,0.0078590122698,0.006998913847,0.0088665331998,0.0071662225098,0.0072202308798,0.0070972088898,0.0072202308798,0.0072957625698,0.0075130069998,0.0088679126298,0.0077479839498,0.0074525332098,0.0072562013598,0.0018744909798,0.0002056230804,0.0019273621098,0.0010536437838,0.02032132524,0.0013077979698,0.0013229295798,0.0077461622598,0.0018193769598,0.0019282676898,0.0013156533498,0.0071860189098,0.0056721775998,0.0073696936998,0.0078569799798,0.0019256878398,0.0013227610998,0.0072469033698,0.01045203829,0.0054907035798,0.0023802258198,0.0075114696198,0.0074578403298,0.0013222135398,0.0018030028098,0.0034784732298,0.0038200769598,0.0087617386398,0.0074024630598,0.0002676895329,0.0025234654098,0.0105103083198,0.0078583172898,0.0091777368198,0.0071856714198,0.0072258644298,0.0017804791398,0.0012336562398,0.0013178646498,0.0072661943298,0.0072623403498,0.0013262465298,0.0010288445808,0.0019298471898,0.0002638864128,0.0018167760498,0.0072118911198,0.0079049862498,0.0077889877698,0.0071650431498,0.0010434496908,0.0071950115298,0.0023092325598,0.0054991907598,0.0074223647598,0.0072568331598,0.0072590023398,0.0072267594798,0.001753876141,0.0021171868262,0.0018922537468,0.0013272919234,0.02050322562,0.0091850331478,0.002333187896,0.002188471652,0.0073311712578,0.0072710275998,0.011769165078,0.001475376409
0.006751539024,0.000679779843,0.007398923424,0.006538815326,0.008406433824,0.006706123134,0.006760131504,0.006637109514,0.006760131504,0.006835673724,0.007052907624,0.008407823784,0.007287884574,0.006992433834,0.006796101984,0.001414395816,0.002161252914,0.001871509434,0.001326037533,0.0195697841,0.001656571074,0.001671713214,0.007286062884,0.000547503036,0.001885935534,0.001664426454,0.006725919534,0.005212078224,0.006909594324,0.007396880604,0.001874552604,0.001671544734,0.006786803994,0.009991937632,0.005030604204,0.001628656044,0.007051370244,0.006997740954,0.001670997174,0.002151786444,0.002726913984,0.003359977584,0.008301639264,0.006942363684,0.002139782244,0.001342414842,0.010050251064,0.007398228444,0.008717626914,0.006725572044,0.006765765054,0.000680173665,0.001262959674,0.001666648284,0.006806094954,0.006802240974,0.001675019634,0.001377621897,0.001884566634,0.002135980914,0.000572526806,0.006751791744,0.007444886874,0.007328888394,0.006704943774,0.001392227007,0.006734912154,0.001128184098,0.005039091384,0.006962265384,0.006796733784,0.006798902964,0.006766660104,0.00378633069,0.00207190798,0.000563568217,0.0016760650276,0.01975168448,0.008724944302,0.002681959718,0.002537243474,0.006871071882,0.006810928224,0.01130906442,0.001824152443
0.003137414674,0.005686068424,0.003784788544,0.002924690976,0.004792298944,0.003091988254,0.003146007154,0.003022985164,0.003146007154,0.003221538844,0.003438783274,0.004793688904,0.003673760224,0.003378298954,0.003181977634,0.005039136814,0.006528563194,0.006643456024,0.005693344654,0.02465801999,0.006023881354,0.006039012964,0.003671938534,0.005726587864,0.006644351074,0.006031736734,0.003111784654,0.001062011623,0.003295459444,0.003782745724,0.006641771224,0.006038844484,0.003172679644,0.005091260779,0.001416476695,0.006716913304,0.003437235364,0.003383606074,0.006038307454,0.006519086194,0.007815171244,0.002915604364,0.004687514914,0.003328228804,0.006507092524,0.006430676314,0.006436105654,0.003784093564,0.005103492034,0.003111437164,0.003151630174,0.005687690044,0.005630269954,0.006033958564,0.003191960074,0.003188106094,0.006042329914,0.005744931124,0.006645930574,0.006503291194,0.005723986954,0.003137667394,0.003830762524,0.003714764044,0.003090808894,0.005759536234,0.003120787804,0.006216443464,0.001424965981,0.003348130504,0.003182598904,0.003184768084,0.003152525224,0.00815364097,0.00683327192,0.005799466788,0.006043377872,0.02483992037,0.005110809422,0.007049269998,0.006904553754,0.003256937002,0.003196793344,0.007694933814,0.006191457458
0.010044438858,0.003972623868,0.010691717958,0.00983163092,0.011699333658,0.009998949258,0.010052968158,0.009929977758,0.010052968158,0.010128468258,0.010345807458,0.011700702558,0.010580731758,0.010285259958,0.010088980758,0.004707249318,0.005024623518,0.003305242998,0.004265789598,0.02100351339,0.004519941678,0.004535073288,0.010578941658,0.003931177788,0.003319658568,0.004527797058,0.010018745658,0.008504925408,0.010202388858,0.010689717258,0.003308275638,0.004534904808,0.010079609058,0.01328476772,0.008323451388,0.003062389608,0.010344227958,0.010290630258,0.004534367778,0.005015146518,0.004160637018,0.006652824768,0.011594454858,0.010235242458,0.005003152848,0.003276390798,0.013343066658,0.010691086158,0.012010495158,0.010018429758,0.010058654358,0.003973024008,0.004445799948,0.004530008358,0.010098984258,0.010095088158,0.004538390238,0.004205126268,0.003318300198,0.004999351518,0.003926449818,0.010044649458,0.010737734058,0.010621693458,0.009997790958,0.004255596558,0.010027801458,0.003510830718,0.008331949098,0.010255144158,0.010089612558,0.010091718558,0.010059496758,0.006649701294,0.00350562674,0.004038035238,0.004539433922,0.02118541377,0.012017812546,0.005545330322,0.005400614078,0.010163940126,0.010103722758,0.014601901074,0.004687517782
0.00831512444846,0.00224335157846,0.00896250884846,0.00810239998114,0.00997001924846,0.00826969802846,0.00832370639846,0.00820069493846,0.00832370639846,0.00839924861846,0.00861649304846,0.00997138814846,0.00885141734846,0.00855600872846,0.00835967687846,0.00297797702846,0.00329535122846,0.00157597070846,0.00253651730846,0.01684526096,0.00279066938846,0.00280580099846,0.00884962724846,0.00220190549846,0.00159038627846,0.00279852476846,0.00828949442846,0.00677565311846,0.00847316921846,0.00896040284846,0.00157900334846,0.00280563251846,0.00835038941846,0.011555513424,0.00659417909846,0.00119109920846,0.00861494513846,0.00856131584846,0.00280509548846,0.00328587422846,2.249697236e-05,0.00492355247846,0.00986524574846,0.00850593857846,0.00327388055846,0.00154711850846,0.0116138575485,0.00896177174846,0.0102811807485,0.00828914693846,0.00832933994846,0.00224375171846,0.00271652765846,0.00280074659846,0.00836966984846,0.00836581586846,0.00280911794846,0.00247586450846,0.00158902790846,0.00327007922846,0.00219717752846,0.00831537716846,0.00900841964846,0.00889248434846,0.00826851866846,0.00252632426846,0.00829849757846,0.00178155842846,0.00660267680846,0.00852584027846,0.00836030867846,0.00836247785846,0.00833023499846,0.004920429902,0.0017763570576,0.0023087625638,0.00281016351302,0.01702716134,0.0102884977518,0.00381605893,0.0036713431134,0.0084346468192,0.00837450311846,0.012872692862,0.0029582468174
0.006029929458,0.004386656433,0.006677303328,0.00581720576,0.007684813728,0.005984503038,0.006038511408,0.005915499948,0.006038511408,0.006114053628,0.006331298058,0.007686203688,0.006566264478,0.006270813738,0.006074481888,0.005213040303,0.005959891083,0.005752123653,0.005124683073,0.023450359853,0.005455209243,0.005470351383,0.006564442788,0.004518934293,0.005766539223,0.005463075153,0.006004299438,0.004858466538,0.006187974228,0.006675260508,0.005755156293,0.005470182903,0.006065183898,0.00961991744,0.004676992518,0.005509259733,0.006329750148,0.006276120858,0.005469635343,0.005950424613,0.006607517673,0.00536971442,0.007580019168,0.006220743588,0.005938430943,0.005223022743,0.009328609908,0.006676608348,0.007996006818,0.006003951948,0.006044144958,0.004388024555,0.005061597843,0.005465286453,0.006084474858,0.006080620878,0.005473657803,0.005176259013,0.005765170323,0.005934629613,0.004516333383,0.006030182178,0.006723266778,0.006607268298,0.005983323678,0.005190864123,0.006013292058,0.005008789893,0.004685490228,0.006240645288,0.006075113688,0.006077282868,0.006045040008,0.007584983663,0.004700200106,0.004487375899,0.005474712017,0.023632292443,0.008003324206,0.006480608417,0.006335881643,0.006149451786,0.006089308128,0.01058744005,0.005622795877
0.005067352306,0.004446254926,0.005714726176,0.004854628608,0.006722236576,0.005021925886,0.005075944786,0.004952922796,0.005075944786,0.005151476476,0.005368720906,0.006723626536,0.005603697856,0.005308236586,0.005111915266,0.003799312786,0.005288749696,0.005403631996,0.004453531156,0.02341821504,0.004784067856,0.004799199466,0.005601876166,0.004486763836,0.005404537576,0.004791923236,0.005041722286,0.003527880976,0.005225397076,0.005712683356,0.005401957726,0.004799030986,0.005102617276,0.00830776801,0.003346417486,0.005477099806,0.005367172996,0.005313543706,0.004798483426,0.005279272696,0.006575347216,0.001674290341,0.006617452546,0.005258166436,0.005267279026,0.005190852286,0.008366043286,0.005714031196,0.007033429666,0.005041374796,0.005081567806,0.004447876546,0.004390445926,0.004794134536,0.005121897706,0.005118043726,0.004802516416,0.004505117626,0.005406117076,0.005263477696,0.004484162926,0.005067605026,0.005760700156,0.005644701676,0.005020746526,0.004519722736,0.005050725436,0.004976629966,0.003354904666,0.005278068136,0.005112536536,0.005114716246,0.005082462856,0.006913827472,0.005593447892,0.00455964276,0.004803564374,0.02360011542,0.007040747054,0.0058094565,0.00566474453,0.005186874634,0.005126730976,0.00962487572,0.004951648234
0.009405040086,0.003241506969,0.010052413956,0.009192316388,0.011059882236,0.009359613666,0.009413622036,0.009290610576,0.009413622036,0.009489164256,0.009706408686,0.011061356436,0.009941375106,0.009645924366,0.009449592516,0.004067890839,0.004814741619,0.004606974189,0.003979523079,0.022305214663,0.004310059779,0.004325201919,0.009939553416,0.003373784829,0.004621389759,0.004317925689,0.009379410066,0.007865566929,0.009563084856,0.010050371136,0.004610006829,0.004325033439,0.009440305056,0.012645422063,0.007684092909,0.004364110269,0.009704860776,0.009651231486,0.004324485879,0.004805275149,0.005462368209,0.006013466289,0.010955108736,0.009595854216,0.004793281479,0.004077873279,0.012703720536,0.010051718976,0.011371149036,0.009379062576,0.009419255586,0.003242879365,0.003916448379,0.004320136989,0.009459585486,0.009455731506,0.004328508339,0.004031109549,0.004620020859,0.004789480149,0.003371183919,0.009405292806,0.010098377406,0.009982389456,0.009358434306,0.004045714659,0.009388413216,0.003863640429,0.007692590619,0.009615755916,0.009450224316,0.009452393496,0.009420150636,0.006439834199,0.003555054916,0.003342226435,0.004329566827,0.022487147253,0.011378466424,0.005335463227,0.005190736453,0.009524562414,0.009464418756,0.01396254213,0.004477650687
0.02323332531,0.01716154191,0.02388070971,0.02302060985,0.02488822011,0.02318783571,0.02324185461,0.02311886421,0.02324185461,0.02331746001,0.02353469391,0.02488958901,0.02376961821,0.02347414641,0.02327786721,0.01789615683,0.01821354156,0.01649416104,0.01745470764,0.03419239724,0.01770885972,0.01772399133,0.02376782811,0.0171200853,0.01650857661,0.0177167151,0.02320763211,0.02169384345,0.02339138061,0.02387860371,0.01649719368,0.01772382285,0.02326860081,0.02647366272,0.02151236943,0.01625129712,0.02353311441,0.02347951671,0.01772327529,0.01820406456,0.01734955506,0.01984174281,0.02478344661,0.02342412891,0.01819207089,0.01646530884,0.02653195311,0.02387997261,0.02519938161,0.02320731621,0.02324754081,0.01716194205,0.01763471799,0.0177189264,0.02328787071,0.02328397461,0.01772730828,0.01739404431,0.01650720771,0.01818826956,0.01711536786,0.02323353591,0.02392662051,0.02381068521,0.02318667741,0.0174445146,0.02321668791,0.01669973823,0.02152085661,0.02344403061,0.02327849901,0.02328071031,0.02324838321,0.01983862361,0.01669455333,0.01722692138,0.01772834769,0.03437428709,0.02520669045,0.01873422272,0.01858951075,0.02335281803,0.02329271451,0.02779077043,0.01787643155
0.0210927355,0.02010747945,0.0201461938,0.02103210376,0.02258307799,0.02104730908,0.02110131745,0.02097830599,0.02110131745,0.02117685967,0.0213941041,0.02258446795,0.02162907052,0.021169078,0.02100033475,0.02084209437,0.0211594791,0.01944009858,0.02040064518,0.03713837752,0.02065479726,0.02066992887,0.02024521792,0.02006603337,0.01945451415,0.02066265264,0.02106710548,0.01889691397,0.02125078027,0.02013665362,0.01944313122,0.02066976039,0.02112800047,0.02367677536,0.01871545048,0.01919724519,0.02139255619,0.02117438512,0.02066921283,0.0211500021,0.0202954926,0.02021457499,0.02247828343,0.02111900785,0.02113800843,0.01941124638,0.02272919227,0.0201454567,0.01881070549,0.02106675799,0.021106951,0.02010787959,0.02058065553,0.02066486394,0.0211472809,0.02114342692,0.02067324582,0.02033998185,0.01945315578,0.0211342071,0.0200613054,0.02109298822,0.02018033206,0.02167008487,0.02104612972,0.02039045214,0.02107610863,0.0196456863,0.01872393766,0.02130345133,0.02113791973,0.02114008891,0.02110784605,0.02278456115,0.01964049087,0.02017285892,0.02067428523,0.03732026737,0.02290157992,0.021680203,0.02153549103,0.02121224928,0.02115211417,0.02565027601,0.02082236909
0.00428561613,0.002686524188,0.00493299,0.004072892432,0.0059405004,0.00424018971,0.00429420861,0.00417118662,0.00429420861,0.0043697403,0.00458698473,0.00594189036,0.00482195115,0.00452650041,0.00433017909,0.003512897528,0.004259758838,0.004051980878,0.003424540298,0.0217502299,0.003755076998,0.003770208608,0.00482013999,0.002818791518,0.004066396448,0.003762932378,0.00425998611,0.00311415321,0.0044436609,0.00493094718,0.004055024048,0.003770040128,0.0043208811,0.00787564456,0.00293268972,0.003809127488,0.00458543682,0.00453180753,0.003769492568,0.004250281838,0.004907374898,0.003625415958,0.00583570584,0.00447643026,0.004238288168,0.003522879968,0.00758430711,0.00493229502,0.00625169349,0.00425963862,0.00429983163,0.002687886054,0.003361465598,0.003765143678,0.00434016153,0.00433630755,0.003773525558,0.003476126768,0.004065038078,0.004234486838,0.002816190608,0.00428586885,0.00497896398,0.0048629655,0.00423901035,0.003490731878,0.00426898926,0.003308657648,0.0029411769,0.00449633196,0.00433080036,0.00433296954,0.00430072668,0.005884836614,0.002999044834,0.002787233124,0.003774569242,0.02193213028,0.006259010878,0.004780465642,0.004635749398,0.004405138458,0.0043449948,0.0088431139,0.003922653102
0.011366761106,0.005203227989,0.012014134976,0.011154037408,0.013021645376,0.011321334686,0.011375343056,0.011252331596,0.011375343056,0.011450885276,0.011668129706,0.013023014276,0.011903096126,0.011607645386,0.011411313536,0.00566050612,0.006776462639,0.006568695209,0.005941244099,0.024266935683,0.006271780799,0.006286922939,0.011901274436,0.005335505849,0.006583110779,0.006279646709,0.011341131086,0.009827287949,0.011524805876,0.012012092156,0.006571727849,0.006286754459,0.011402026076,0.014607143083,0.009645813929,0.006325831289,0.011666581796,0.011612952506,0.006286206899,0.006766996169,0.007424089229,0.007975187309,0.012916871876,0.011557575236,0.006755002499,0.006039594299,0.014665483676,0.012013439996,0.013332806876,0.011340783596,0.011380976606,0.005204600385,0.005878169399,0.006281858009,0.011421306506,0.011417452526,0.006290229359,0.005992830569,0.006581741879,0.006751201169,0.005332904939,0.011367013826,0.012060098426,0.011944110476,0.011320155326,0.006007435679,0.011350134236,0.005825361449,0.009654311639,0.011577476936,0.011411945336,0.011414114516,0.011381871656,0.008401559493,0.005516771662,0.005303947455,0.006291287847,0.024448868273,0.013340124264,0.007297201343,0.007152457473,0.011486283434,0.011426139776,0.01592430527,0.006439367433
0.014132175728,0.008060402858,0.014779560128,0.01391947309,0.015787070528,0.014086791428,0.014140705028,0.014017714628,0.014140705028,0.014216310428,0.014433544328,0.015788439428,0.014668468628,0.014373102128,0.014176717628,0.008795017778,0.009112391978,0.007393011458,0.008353568588,0.02509126048,0.008607720668,0.008622852278,0.014666678528,0.008018946248,0.007407437558,0.008615576048,0.014106587828,0.012592693868,0.014290231028,0.014777454128,0.007396054628,0.008622683798,0.014167451228,0.01737256808,0.012411230378,0.007150158068,0.014431964828,0.014378367128,0.008622136238,0.009102925508,0.008248416008,0.010740603758,0.015682297028,0.014322979328,0.009090931838,0.007364169788,0.017430803528,0.014778823028,0.016098232028,0.014106166628,0.014146391228,0.008060792468,0.008533578938,0.008617787348,0.014186721128,0.014182825028,0.008626169228,0.008292905258,0.007406068658,0.009087130508,0.008014228808,0.014132386328,0.014825470928,0.014709535628,0.014085527828,0.008343365018,0.014115538328,0.007598599178,0.012419717558,0.014342881028,0.014177349428,0.014179560728,0.014147233628,0.01073749738,0.0075934271,0.008125803698,0.008627212912,0.02527316086,0.01610555369,0.00963309649,0.00948838452,0.014251676996,0.014191564928,0.01868963367,0.00877530532
0.003674494226,0.006591155777,0.004321868096,0.003461770528,0.005329378496,0.003629067806,0.003683076176,0.003560064716,0.003683076176,0.003758618396,0.003975862826,0.005330768456,0.004210839776,0.003915378506,0.003719057186,0.005944224167,0.007433650547,0.007548543377,0.006598432007,0.025563073771,0.006928968707,0.006944100317,0.004209018086,0.006631675217,0.007549438427,0.006936824087,0.003648864206,0.002503030697,0.003832538996,0.004319825276,0.007546858577,0.006943931837,0.003709759196,0.007282917731,0.002321567207,0.007622000657,0.003974314916,0.003920685626,0.006943394807,0.007424173547,0.008720258597,0.003820691717,0.005224594466,0.003865308356,0.007412179877,0.007335763667,0.006973185206,0.004321173116,0.005640571586,0.003648516716,0.003688709726,0.006592777397,0.006535357307,0.006939045917,0.003729039626,0.003725185646,0.006947417267,0.006650018477,0.007551017927,0.007408378547,0.006629074307,0.003674746946,0.004367842076,0.004251843596,0.003627888446,0.006664623587,0.003657867356,0.007121530817,0.002330054387,0.003885210056,0.003719678456,0.003721847636,0.003689604776,0.009058728323,0.007738359273,0.006704549867,0.006948460951,0.025744974151,0.005647888974,0.007954357351,0.007809641107,0.003794016554,0.003733872896,0.00823201764,0.007096544811
0.00824198724,0.01043127104,0.00729544554,0.00818136603,0.00973234026,0.00819656082,0.00825057972,0.00812755773,0.00825057972,0.00832611141,0.00854335584,0.00973371969,0.00877833279,0.00831832974,0.00814958649,0.00978433943,0.01127376581,0.01138865864,0.01043854727,0.0294032371,0.01076908397,0.01078422611,0.00739448019,0.01047179048,0.01138955369,0.01077693935,0.00821635722,0.00634314596,0.00840003201,0.00728590536,0.01138698437,0.0107840471,0.00827725221,0.01112300735,0.00616168247,0.01146211592,0.00854180793,0.00832363686,0.01078351007,0.01126429934,0.01256037386,0.00766080698,0.0096275457,0.00826825959,0.01125229514,0.01117587893,0.00987845454,0.00729470844,0.00595996776,0.00821602026,0.00825620274,0.01043289266,0.01037547257,0.01077916118,0.00829654317,0.00829267866,0.01078753253,0.01049013374,0.01139113319,0.01124849381,0.01046918957,0.00824223996,0.0073295838,0.00881933661,0.00819539199,0.01050473885,0.00822536037,0.01096164608,0.00617016965,0.00845270307,0.00828717147,0.00828935118,0.00825709779,0.01289884786,0.01157847881,0.01054464376,0.01078857194,0.02958513748,0.0100508744,0.01179444697,0.011649735,0.00836154376,0.00830136591,0.01279953828,0.0109366558
0.004970930302,0.005141929882,0.005618304172,0.004758206604,0.006625814572,0.004925503882,0.004979512252,0.004856500792,0.004979512252,0.005055054472,0.005272298902,0.006627204532,0.005507265322,0.005211814582,0.005015482732,0.005237563342,0.005234172682,0.005349054982,0.004416718252,0.0237430382,0.004403194222,0.004418325832,0.005505443632,0.005182449322,0.005349960562,0.004411049602,0.004945300282,0.009035249962,0.005128975072,0.005616261352,0.005347380712,0.004418157352,0.005006184742,0.00593177641,0.008853775942,0.005801918692,0.005270750992,0.005217121702,0.004417609792,0.005026264852,0.006900176632,0.007183149322,0.006521020012,0.005161744432,0.005212702012,0.005886537772,0.008269610752,0.005617609192,0.006937007662,0.004944952792,0.004985145802,0.005143551502,0.004596728602,0.004594039942,0.005025475702,0.005021621722,0.004421642782,0.004450540612,0.005351540062,0.005208900682,0.005179848412,0.004971183022,0.005664267622,0.005548269142,0.004924324522,0.004465145722,0.004954292902,0.005672304922,0.008862263122,0.005181646132,0.005016114532,0.005018283712,0.004986040852,0.00671927448,0.005538881408,0.005255328246,0.00442269074,0.02392493858,0.00694432505,0.00542858714,0.005411726156,0.00509045263,0.005030308972,0.00952845799,0.00489707122
0.010664695198,0.00459292654,0.011312069068,0.0104519715,0.012319579468,0.010619268778,0.010673277148,0.010550265688,0.010673277148,0.010748819368,0.010966063798,0.012320969428,0.011201030218,0.010905579478,0.010709247628,0.005327547778,0.006074398558,0.005784655078,0.005239180018,0.02348292547,0.005569716718,0.005584858858,0.011199208528,0.004460649733,0.005799081178,0.005577572098,0.010639065178,0.009125223868,0.010822739968,0.011310026248,0.005787698248,0.005584690378,0.010699949638,0.01390506618,0.008943749848,0.005541801688,0.010964515888,0.010910886598,0.005584142818,0.006064932088,0.006640059628,0.007273123228,0.012214784908,0.010855509328,0.006052938418,0.005255564698,0.013963344058,0.011311374088,0.012630772558,0.010638717688,0.010678910698,0.004593321415,0.005176105318,0.005579793928,0.010719240598,0.010715386618,0.005588165278,0.005290766488,0.005797712278,0.006049126558,0.004472137596,0.010664947918,0.011358032518,0.011242044568,0.010618089418,0.005305371598,0.010648057798,0.005041331848,0.008952247558,0.010875411028,0.010709879428,0.010712048608,0.010679805748,0.00769948259,0.005985053624,0.004562330458,0.005589223766,0.02366482585,0.012638089946,0.00659512444,0.006450393392,0.010784217526,0.010724073868,0.01522222716,0.005737303352
0.01157409292,0.00550233058,0.01222147732,0.011361390282,0.01322898772,0.01152870862,0.01158272752,0.01145963182,0.01158272752,0.01165822762,0.01187546152,0.01323035662,0.01211038582,0.01181501932,0.01161863482,0.0062369455,0.0065543197,0.00483494971,0.00579549631,0.02253319675,0.00604964839,0.00606478,0.01210859572,0.00546087397,0.00484936528,0.00605750377,0.01154850502,0.01003463212,0.01173214822,0.01221947662,0.00483798235,0.00606461152,0.01160936842,0.01481450435,0.0098531581,0.00459208579,0.01187388202,0.01182028432,0.00606406396,0.00654485323,0.00569034373,0.00818253148,0.01312421422,0.01176489652,0.00653285956,0.00480609751,0.01487282602,0.01222074022,0.01354014922,0.01154808382,0.01158830842,0.00550272019,0.00597550666,0.00605971507,0.01162863832,0.01162474222,0.00606809695,0.00573483298,0.00484799638,0.00652905823,0.00545615653,0.01157430352,0.01226738812,0.01215145282,0.01152744502,0.00578529274,0.01155745552,0.0050405269,0.00986164528,0.01178479822,0.01161926662,0.01162147792,0.01158925612,0.008179408006,0.005035337726,0.00556773142,0.006069144908,0.02271509713,0.013547466608,0.007075037034,0.00693032079,0.011693594188,0.01163348212,0.01613166471,0.006217224494
0.009689659546,0.003617897206,0.010337033416,0.009476931574,0.011344543816,0.009644243656,0.009698252026,0.009575230036,0.009698252026,0.009773783716,0.009991028146,0.011345912716,0.010226005096,0.009930543826,0.009734222506,0.004352512126,0.005099373436,0.003450765046,0.004264154896,0.02114900552,0.004594691596,0.004609823206,0.010224183406,0.003576440596,0.003465180616,0.004602546976,0.009664029526,0.008150198746,0.009847704316,0.010334990596,0.003453797686,0.004609654726,0.009724924516,0.01293005388,0.007968724726,0.003207904285,0.009989480236,0.009935861476,0.004609117696,0.005089896436,0.004306159066,0.006298098106,0.011239770316,0.009880484206,0.005077902766,0.002781533002,0.012988382116,0.010336338436,0.011655705316,0.009663692566,0.009703885576,0.003618286816,0.004201080196,0.004604758276,0.009744215476,0.009740361496,0.004613140156,0.004315741366,0.003463811716,0.005074101436,0.003571723156,0.009689912266,0.010383007396,0.010267008916,0.009643064296,0.004330346476,0.009673032676,0.003156096685,0.007977211906,0.009900375376,0.009734854306,0.009737023486,0.009704780626,0.006724451212,0.003651148788,0.003683298046,0.00461418384,0.02133089537,0.011663022704,0.00562008024,0.005475363996,0.009809192404,0.009749048746,0.01424720371,0.0047622677
0.01432431617,0.00825253277,0.01497170057,0.01411160071,0.01597921097,0.01427882657,0.01433284547,0.01420985507,0.01433284547,0.01440845087,0.01462568477,0.01598057987,0.01486060907,0.01456513727,0.01436885807,0.00898714769,0.00930452189,0.00758514137,0.00854568797,0.02528342031,0.00879984005,0.00881498219,0.01485881897,0.00821107616,0.00759955694,0.00880769543,0.01429862297,0.01278482378,0.01448237147,0.01496959457,0.00758818454,0.00881480318,0.01435959167,0.01756468517,0.01260336029,0.00734228798,0.01462410527,0.01457050757,0.00881426615,0.00929505542,0.00844053539,0.01093272314,0.01587443747,0.01451511977,0.00928305122,0.00755628917,0.01762294397,0.01497096347,0.01629037247,0.01429830707,0.01433853167,0.00825292238,0.00872569832,0.00880991726,0.01437886157,0.01437496547,0.00881828861,0.00848503517,0.00759819857,0.00927924989,0.00820634819,0.01432452677,0.01501761137,0.01490167607,0.01427766827,0.00853549493,0.01430767877,0.00779072909,0.01261184747,0.01453502147,0.01436948987,0.01437170117,0.01433937407,0.01092960394,0.00778553366,0.00831795498,0.00881932802,0.02343517764,0.01629768131,0.00982524579,0.00968053382,0.01444380889,0.01438370537,0.01888180403,0.00896741188
0.010880466496,0.004808704156,0.011527840366,0.010667742798,0.012535371826,0.010835040076,0.010889048446,0.010766036986,0.010889048446,0.010964590666,0.011181835096,0.012536740726,0.011416801516,0.011121350776,0.010925018926,0.005543319076,0.005860693276,0.004141312756,0.005101859356,0.02169755649,0.005356011436,0.005371143046,0.011414979826,0.004767247546,0.004155728326,0.005363866816,0.010854836476,0.009340995166,0.011038511266,0.011525797546,0.004144345396,0.005370974566,0.010915731466,0.0141208822,0.009159531676,0.003686092432,0.011180287186,0.011126657896,0.005370437536,0.005851226806,0.004854688666,0.007488894526,0.012430598326,0.011071280626,0.005839222606,0.004112460556,0.014179104826,0.011527145386,0.012846533326,0.010854488986,0.010894681996,0.004809093766,0.005281869706,0.005366088646,0.010935011896,0.010931157916,0.005374459996,0.005041206556,0.004154369956,0.005835421276,0.004762519576,0.010880719216,0.011573814346,0.011457815866,0.010833860716,0.005091666316,0.010863839626,0.004346900476,0.009168018856,0.011091182326,0.010925650726,0.010927819906,0.010895577046,0.007485771052,0.004341700772,0.004874104996,0.005375507954,0.02187945687,0.012853850714,0.00638140008,0.00623668811,0.010999988824,0.010939845166,0.01543794779,0.005523591814
0.02209830645,0.01602659676,0.02274569085,0.02188559099,0.02375320125,0.02205292215,0.02210694105,0.02198395065,0.02210694105,0.02218244115,0.02239967505,0.02375467545,0.02263470465,0.02233923285,0.02214295365,0.01676121168,0.01707858588,0.01535920536,0.01631975196,0.02497150111,0.01657390404,0.01658904618,0.02263291455,0.01598514015,0.01537362093,0.01658175942,0.02207271855,0.02055888777,0.02225636175,0.02274369015,0.01536224853,0.01658886717,0.02213358195,0.02533874916,0.02037742428,0.01511635197,0.02239820085,0.02234460315,0.01658833014,0.01706911941,0.01621459938,0.01870679766,0.02364842775,0.02228921535,0.01705712574,0.01533035316,0.02539703955,0.02274505905,0.02406446805,0.02207240265,0.02211262725,0.01602698637,0.01649976231,0.01658398125,0.02215295715,0.02214906105,0.0165923526,0.01625909916,0.01537226256,0.01705331388,0.01598041218,0.02209862235,0.02279170695,0.02267566635,0.02205176385,0.01630955892,0.02208177435,0.01556479308,0.02038591146,0.02230911705,0.02214358545,0.02214569145,0.02211346965,0.01870366793,0.01555960818,0.01609201897,0.01659339201,0.02484134583,0.02407177689,0.01759930978,0.01745459781,0.02221790447,0.02215769565,0.02665589961,0.0167414864
0.008719684034,0.002647921694,0.009367057904,0.008506960336,0.010374620954,0.008674257614,0.008728276514,0.008605254524,0.008728276514,0.008803808204,0.009021052634,0.010375989854,0.009256029584,0.008960568314,0.008764246994,0.003382536614,0.003699910814,0.0019805324,0.002941076894,0.01953676548,0.003195228974,0.003210371114,0.009254207894,0.002606465084,0.001994950076,0.003203084354,0.008694054014,0.007180212704,0.008877728804,0.009365015084,0.001983569252,0.003210202634,0.008754949004,0.01196009119,0.006998749214,0.001525311023,0.009019504724,0.008965875434,0.003209655074,0.003690444344,0.002693916734,0.005328122594,0.010269742154,0.008910498164,0.003678450674,0.001951683359,0.012018353954,0.009366362924,0.010685782454,0.008693706524,0.008733899534,0.002648311304,0.003121087244,0.003205306184,0.008774229434,0.008770375454,0.003213677534,0.002880424094,0.001993586441,0.003674638814,0.002601737114,0.008719936754,0.009413031884,0.009297033404,0.008673078254,0.002930883854,0.008703057164,0.002186116961,0.007007236394,0.008930399864,0.008764868264,0.008767037444,0.008734794584,0.00532498859,0.002180919301,0.002713322534,0.003214721218,0.01971866586,0.010693099842,0.004220628148,0.004075901374,0.008839206362,0.008779062704,0.01327718837,0.003362815608
0.007292982728,0.001860203954,0.007940356598,0.00708025903,0.008947877528,0.007247566838,0.007301575208,0.007178553218,0.007301575208,0.007377106898,0.007594351328,0.008949256958,0.007829328278,0.007533877538,0.007337545688,0.001955837414,0.002213293808,0.002328176108,0.001378076321,0.0207221636,0.001708610915,0.001723746737,0.007827506588,0.001900718129,0.002329081688,0.001716468401,0.007267363238,0.005753521928,0.007451027498,0.007938324308,0.002326501838,0.001723578257,0.007328247698,0.01053336424,0.005572047908,0.002781039818,0.007592813948,0.007539184658,0.001723032803,0.002203816808,0.003879297758,0.003901421288,0.008843082968,0.007483807388,0.002191823138,0.002604809738,0.010591684238,0.007939661618,0.009259070618,0.007267015748,0.007307208758,0.001861825574,0.001185260438,0.001718683913,0.007347538658,0.007343684678,0.001727060528,0.001429660685,0.002330661188,0.002188021808,0.001898116166,0.007293235448,0.007986330578,0.007870332098,0.007246387478,0.001444265795,0.007276355858,0.002390576888,0.005580535088,0.007503698558,0.007338177488,0.007340346668,0.007308103808,0.003838371584,0.002518002534,0.001973594947,0.001728109539,0.02090406398,0.009266377476,0.002734002718,0.002589288642,0.007412515586,0.007352371928,0.011850512398,0.001876195505
0.008059052024,0.001987289684,0.008706425894,0.007846328326,0.009713936294,0.008013625604,0.008067644504,0.007944622514,0.008067644504,0.008143176194,0.008360420624,0.009715305194,0.008595397574,0.008299936304,0.008103614984,0.002721904604,0.003468765914,0.001820150153,0.002633547374,0.01951840029,0.002964084074,0.002979215684,0.008593575884,0.001945834127,0.001834567829,0.002971939454,0.008033422004,0.006519580694,0.008217096794,0.008704383074,0.001823187005,0.002979047204,0.008094316994,0.01129945918,0.006338117204,0.001577293604,0.008358872714,0.008305243424,0.002978499644,0.003459288914,0.002675551544,0.004667490584,0.009609152264,0.008249866154,0.003447295244,0.001150922321,0.011357774594,0.008705730914,0.010025097794,0.008033074514,0.008073267524,0.001987679294,0.002570462144,0.002974150754,0.008113597424,0.008109743444,0.002982532634,0.002685133844,0.001833205247,0.003443493914,0.001941110369,0.008059304744,0.008752399874,0.008636401394,0.008012456774,0.002699738954,0.008042425154,0.001525486004,0.006346604384,0.008269767854,0.008104236254,0.008106405434,0.008074162574,0.00509384369,0.002020538107,0.002052688418,0.002983576318,0.01970030067,0.010032415182,0.003989472718,0.003844756474,0.008178574352,0.008118430694,0.01261656689,0.003131660178
0.02263235559,0.01656056166,0.02327973999,0.02241964013,0.02428725039,0.02258686599,0.02264088489,0.02251789449,0.02264088489,0.02271649029,0.02293372419,0.02428861929,0.02316864849,0.02287317669,0.02267689749,0.01729517658,0.01761256131,0.01589318079,0.01685372739,0.0152458374,0.01710787947,0.01712301108,0.02316685839,0.01651910505,0.01590759636,0.01711573485,0.02260666239,0.0210928632,0.02279041089,0.02327763399,0.01589621343,0.0171228426,0.02266763109,0.025872693,0.02091138918,0.01550829876,0.02293214469,0.02287854699,0.01712229504,0.01760308431,0.01433970042,0.01924076256,0.02418237159,0.02282315919,0.01759109064,0.01586432859,0.02593098339,0.02327900289,0.02459841189,0.02260634649,0.02264657109,0.0165609618,0.01703373774,0.01711794615,0.02268690099,0.02268300489,0.01712632803,0.01679306406,0.01590622746,0.01758728931,0.01651438761,0.02263256619,0.02332565079,0.02320971549,0.02258570769,0.01684353435,0.02261571819,0.01609875798,0.02091987636,0.02284306089,0.02267752929,0.02267963529,0.02264741349,0.01923760062,0.01609353034,0.01662594113,0.01712736744,0.01511568212,0.02460572073,0.01813324247,0.0179885305,0.02275184831,0.02269174479,0.02718980071,0.0172754513
0.010009928156,0.003938155286,0.010657302026,0.009797204458,0.011664854546,0.009964501736,0.010018510106,0.009895498646,0.010018510106,0.010094052326,0.010311296756,0.011666223446,0.010546263176,0.010250812436,0.010054480586,0.004672780736,0.004990154936,0.003270774416,0.004231321016,0.02082701815,0.004485473096,0.004500604706,0.010544441486,0.003896709206,0.003285192092,0.004493328476,0.009984298136,0.008470456826,0.010167972926,0.010655259206,0.003273812321,0.004500436226,0.010045193126,0.01325033333,0.008288982806,0.002815554092,0.010309748846,0.010256119556,0.004499899196,0.004980677936,0.003984150326,0.006618356186,0.011559975746,0.010200742286,0.004968684266,0.003241925375,0.013308587546,0.010656607046,0.011976016046,0.009983950646,0.010024143656,0.003938555426,0.004411331366,0.004495550306,0.010064473556,0.010060619576,0.004503921656,0.004170668216,0.00328382951,0.004964882936,0.003891981236,0.010010180876,0.010703276006,0.010587277526,0.009963322376,0.004221127976,0.009993301286,0.003476362136,0.008297480516,0.010220643986,0.010055112386,0.010057281566,0.010025038706,0.006615232712,0.003471162432,0.004003566656,0.00450496534,0.02100891853,0.011983333434,0.00551086174,0.005366145496,0.010129450484,0.010069306826,0.01456743051,0.0046530492
0.0075542013306,0.0013465487832,0.0082015752006,0.0073414767778,0.0092091066606,0.0075087749106,0.0075627832806,0.0074397718206,0.0075627832806,0.0076383255006,0.0078555699306,0.0092104755606,0.0080905363506,0.0077950856106,0.0075987537606,0.0022170539106,0.0021550322106,0.0004332889692,0.0013961982906,0.01882961824,0.0016503503706,0.0016654819806,0.0080887146606,0.0013050963852,0.0004500688401,0.0016582057506,0.0075285713106,0.0060147300006,0.0077122461006,0.0081995323806,0.000438688332,0.0016653135006,0.0075894557706,0.010794589836,0.0058332559806,0.0008885101356,0.0078540220206,0.0078003927306,0.0016647764706,0.0021455552106,0.0019867628106,0.0041626293606,0.0091042910406,0.0077450154606,0.0021335615406,0.0005101843686,0.0108528396606,0.0082008802206,0.0095202681606,0.0075282238206,0.0075684168306,0.0013469436582,0.0015762086406,0.0016604170506,0.0076087467306,0.0076048927506,0.0016687989306,0.0013355402256,0.0004487056263,0.0021297602106,0.0013003726272,0.0075544540506,0.0082475386506,0.0081315401706,0.0075075955506,0.0013860041976,0.0075375639306,0.0008847482622,0.0058417536906,0.0077649171606,0.0075993855606,0.0076015547406,0.0075693118806,0.003780110414,0.000636043293,0.001411952584,0.0016698447516,0.01901150809,0.009527585976,0.002675739442,0.002531023198,0.0076737236586,0.0076135800006,0.012111716624,0.001817926902
0.008271423062,0.002526543512,0.008918796932,0.008058699364,0.009926349452,0.008225996642,0.008280005012,0.008156993552,0.008280005012,0.008355547232,0.008572791662,0.009927718352,0.008807758082,0.008512307342,0.008315986022,0.002934275642,0.002872253942,0.001163446595,0.002113420022,0.01955742876,0.002367572102,0.002382703712,0.008805936392,0.002485097432,0.001167292151,0.002375427482,0.008245793042,0.006731951732,0.008429467832,0.008916754112,0.001161772325,0.002382535232,0.008306688032,0.01151184304,0.006550488242,0.001616306093,0.008571243752,0.008517614462,0.002381998202,0.002862787472,0.002714556662,0.004879851092,0.009821470652,0.008462237192,0.002850783272,0.001830313601,0.011570082452,0.008918101952,0.010237510952,0.008245445552,0.008285638562,0.002526943652,0.002293430372,0.002377649312,0.008325968462,0.008322114482,0.002386020662,0.002052767222,0.001148030675,0.002846981942,0.002480369462,0.008271675782,0.008964770912,0.008848772432,0.008224817282,0.002103226982,0.008254796192,0.002064750362,0.006558975422,0.008482138892,0.008316607292,0.008318776472,0.008286533612,0.004497331718,0.001027956517,0.002591954882,0.00238706862,0.01973932914,0.01024482834,0.003392960746,0.003248248776,0.00839094539,0.008330801732,0.012828942202,0.00253515248
0.009625722524,0.003553960184,0.010273064804,0.009412994552,0.011280575204,0.009580296104,0.009634304474,0.009511293014,0.009634304474,0.009709846694,0.009927049004,0.011281944104,0.010162078604,0.009866606804,0.009670285484,0.004288575104,0.004605949304,0.002886568784,0.003847115384,0.01813131349,0.004101267464,0.004116409604,0.010160288504,0.003512503574,0.002900984354,0.004109122844,0.009600092504,0.008086251194,0.009783767294,0.010271064104,0.002889611954,0.004116230594,0.009660987494,0.01286610831,0.007904787704,0.002501697284,0.009925574804,0.009871871804,0.004115693564,0.004596482834,0.001333095785,0.006234161084,0.011175801704,0.009816536654,0.004584478634,0.002857716584,0.012924413504,0.010272433004,0.011591842004,0.009599745014,0.009639938024,0.003554349794,0.004027125734,0.004111344674,0.009680267924,0.009676413944,0.004119716024,0.003786462584,0.002899625984,0.004580677304,0.003507775604,0.009625975244,0.010319080904,0.010203040304,0.009579116744,0.003836922344,0.009609095654,0.003092156504,0.007913274884,0.009836438354,0.009670906754,0.009673075934,0.009640833074,0.00623102708,0.003086952526,0.00361935675,0.004120759708,0.01831321387,0.011599155118,0.005126656108,0.004981939864,0.009745240578,0.009685101194,0.01418322655,0.004268843568
0.00697954565,0.01282713482,0.00603300395,0.00691892444,0.00846989867,0.00693411923,0.00698813813,0.00686511614,0.00698813813,0.00706366982,0.00728091425,0.0084712781,0.0075158912,0.00705588815,0.0068871449,0.01218019268,0.01366958747,0.01378446977,0.01283441105,0.03179913309,0.01316494775,0.01318007936,0.0061320386,0.01286764373,0.01378541747,0.01317280313,0.00695391563,0.00873900974,0.00713759042,0.00602346377,0.01378289027,0.01317991088,0.00701481062,0.01351890334,0.00855753572,0.01385796917,0.00727936634,0.0070612058,0.01317936332,0.01366011047,0.01495624817,0.01005667076,0.00836510411,0.007005818,0.01364821157,0.01357176377,0.00867248534,0.00603226685,0.00733988225,0.00695357867,0.00699377168,0.01282875644,0.01277133635,0.01317501443,0.00703410158,0.0070302476,0.01318339631,0.01288599752,0.01378699697,0.01364431547,0.01286504282,0.00697979837,0.00597026621,0.00755689502,0.0069329504,0.01290060263,0.00696291878,0.01335750986,0.00856603343,0.00719026148,0.00702474041,0.00702690959,0.00699466673,0.01529472217,0.01397436365,0.01294053975,0.01318447846,0.03198103347,0.00878843281,0.01419035349,0.01404567311,0.00709910217,0.00703893485,0.01153709669,0.01333256232
0.02529438571,0.01922262337,0.02594177011,0.02508167025,0.02694928051,0.02524900141,0.02530302031,0.02517992461,0.02530302031,0.02537852041,0.02559575431,0.02695064941,0.02583067861,0.02553531211,0.02533892761,0.01995723829,0.02027462302,0.0185552425,0.0195157891,0.0001687331352,0.01976994118,0.01978507279,0.02582888851,0.01918116676,0.01856965807,0.01977779656,0.02526879781,0.02375492491,0.02545244101,0.02593976941,0.01855827514,0.01978490431,0.02532966121,0.02853482842,0.02357345089,0.01817036047,0.02559417481,0.02554057711,0.01978435675,0.02026514602,0.01700176213,0.02190282427,0.02684450701,0.02548518931,0.02025315235,0.0185263903,0.02859311881,0.02594103301,0.02726044201,0.02526837661,0.02530860121,0.01922302351,0.01969579945,0.01978000786,0.02534893111,0.02534503501,0.01978838974,0.01945512577,0.01856828917,0.02024935102,0.01917644932,0.02529459631,0.02598778621,0.02587174561,0.02524773781,0.01950559606,0.02527774831,0.01876081969,0.02358193807,0.02550509101,0.02533955941,0.02534177071,0.02530954891,0.02189966233,0.01875559205,0.01928800284,0.01978942915,0.000212499357,0.02726775085,0.02079530418,0.02065059221,0.02541387843,0.02535377491,0.02985193613,0.01993751301
0.01431797399,0.00824618006,0.01496535839,0.01410525853,0.01597286879,0.01427248439,0.01432650329,0.01420351289,0.01432650329,0.01440210869,0.01461934259,0.01597423769,0.01485426689,0.01455879509,0.01436251589,0.00898079498,0.00929817971,0.00757879919,0.00853934579,0.01286606395,0.00879349787,0.00880862948,0.01485247679,0.00820473398,0.00759321476,0.00880135325,0.01429228079,0.0127784816,0.01447602929,0.01496325239,0.00758183183,0.008808461,0.01435324949,0.01755833246,0.01259700758,0.00719392769,0.01461776309,0.01456416539,0.00880791344,0.00928870271,0.00602531882,0.01092638096,0.01586809529,0.01450877759,0.00927670904,0.00754994699,0.01761660179,0.01496462129,0.01628403029,0.01429196489,0.01433218949,0.0082465802,0.00871935614,0.00880356455,0.01437251939,0.01436862329,0.00881194643,0.00847868246,0.00759185639,0.00927290771,0.00820000601,0.01431818459,0.01501126919,0.01489533389,0.01427132609,0.00852915275,0.01430133659,0.00778438691,0.01260549476,0.01452867929,0.01436314769,0.01436535899,0.01433303189,0.01092326176,0.00777919148,0.00831155953,0.00881298584,0.01273595141,0.01629133913,0.00981886087,0.0096741489,0.01443746671,0.01437736319,0.01887541911,0.0089610697
0.01287517214,0.00744233861,0.01352245124,0.0126623935,0.01453006694,0.01282968254,0.01288370144,0.01276071104,0.01288370144,0.01295920154,0.01317654074,0.01453143584,0.01341146504,0.01311599324,0.01291971404,0.00753797207,0.0074759609,0.00755305679,0.00671712698,0.01305021834,0.0069499874,0.00696512954,0.01340967494,0.00748285805,0.00755395184,0.00695784278,0.01284947894,0.01133565869,0.01303312214,0.01352045054,0.00755137199,0.00696496106,0.01291034234,0.01611550955,0.01115418467,0.00800590997,0.01317496124,0.01312136354,0.0069644135,0.00744520277,0.00910416791,0.00948355805,0.01442518814,0.01306597574,0.00745449023,0.00821992169,0.01617379994,0.01352181944,0.01484122844,0.01284916304,0.01288938764,0.00744396023,0.00689713733,0.00696006461,0.01292971754,0.01292582144,0.00696843596,0.00672605165,0.00755553134,0.0074506889,0.00748025714,0.01287538274,0.01356846734,0.01345242674,0.01282852424,0.00668564228,0.01285853474,0.00797271365,0.01116268238,0.01308587744,0.01292034584,0.01292245184,0.01289023004,0.00910104295,0.00684672974,0.00755575407,0.00696947537,0.01323216146,0.01484853728,0.00797539314,0.00783068117,0.01299466486,0.01293445604,0.01743266,0.00709517245
0.01197424199,0.00590249018,0.01262162639,0.011761539352,0.01362913679,0.01192885769,0.01198287659,0.01185978089,0.01198287659,0.01205837669,0.01227561059,0.01363050569,0.01251064019,0.01221516839,0.01201878389,0.0066371051,0.00695448983,0.00523510931,0.00619565591,0.02293334551,0.00644980799,0.0064649396,0.01250874479,0.0058610441,0.00524952488,0.00645766337,0.01194865409,0.01043479172,0.01213229729,0.01261962569,0.00523814195,0.00646477112,0.01200951749,0.01521464258,0.0102533177,0.00499225592,0.01227403109,0.01222043339,0.00646422356,0.00694501283,0.00609050333,0.00858269108,0.01352436329,0.01216504559,0.00693301916,0.00520625711,0.01527297509,0.01262088929,0.01394029829,0.01194833819,0.01198845749,0.00590289032,0.00637566626,0.00645987467,0.01202878739,0.01202499659,0.00646825655,0.00613499258,0.00524816651,0.00692921783,0.00585631613,0.01197455789,0.01266764249,0.01255160189,0.01192769939,0.00618546287,0.01195760459,0.00544069703,0.01026181541,0.01218494729,0.01201941569,0.01202162699,0.01198940519,0.008579567606,0.005435497326,0.00596789102,0.006469300234,0.0231152781,0.013947615678,0.007475196634,0.00733048039,0.012093743258,0.01203363119,0.01653179241,0.006617384094
0.00407795462,0.00514141805,0.00472532849,0.003865230922,0.00573284942,0.0040325282,0.0040865471,0.00396352511,0.0040865471,0.00416207879,0.00437932322,0.00573422885,0.00461430017,0.0043188389,0.00412251758,0.00523705151,0.00523365032,0.00534854315,0.00441619589,0.0237424757,0.00440267186,0.00441780347,0.00461247848,0.00518192696,0.00534944873,0.00441052724,0.0040523246,0.00508595279,0.00423599939,0.00472328567,0.00534686888,0.00441763499,0.00411321959,0.00671174556,0.0049044893,0.00580139633,0.00437777531,0.00432415655,0.00441709796,0.00502574249,0.00689965427,0.00718263749,0.00562805486,0.00426876875,0.00521219018,0.00588601541,0.0073766456,0.00472463351,0.00604404251,0.00405198764,0.00409218065,0.00514303967,0.00459620624,0.00459352811,0.00413251055,0.00412865657,0.00442112042,0.00445001825,0.00535102823,0.00520838885,0.00517932605,0.00407820734,0.00477130247,0.00465530399,0.00403135937,0.00446462336,0.00406132775,0.00567178256,0.00491297648,0.00428867045,0.00412314938,0.00412531856,0.0040930757,0.006718747844,0.005538354772,0.00525480161,0.004422164104,0.02392437608,0.006051349368,0.005428060504,0.00541121005,0.004197476948,0.00413733329,0.008049097,0.004896555114
0.002310325164,0.008434777518,0.003234562218,0.002537584677,0.004242072618,0.002419458084,0.002349485181,0.002404924578,0.002349485181,0.002220062004,0.001969876575,0.004243462578,0.002130726653,0.002828072628,0.002631740778,0.007787835378,0.009277261758,0.009392154588,0.008442043218,0.02740674587,0.008772579918,0.008787722058,0.003121701678,0.008475286428,0.009393060168,0.008780435298,0.002321051022,0.004346652438,0.002113880643,0.003232519398,0.009390480318,0.008787553578,0.002270016324,0.00912651612,0.004165178418,0.009465611868,0.002242418247,0.002833379748,0.008787006018,0.009267795288,0.010563890868,0.005664302928,0.004137278058,0.002778002478,0.009255801618,0.009179374878,0.005885868798,0.003233867238,0.004553265708,0.002311271811,0.002345203683,0.008436388608,0.008378968518,0.008782657128,0.002289582117,0.002285449092,0.008791028478,0.008493629688,0.009394639668,0.009251989758,0.008472685518,0.002309364828,0.003280525668,0.002519943768,0.002430097596,0.008508234798,0.002342888136,0.008965142028,0.004173665598,0.002167991154,0.002294536482,0.002321526978,0.002359347579,0.010902350064,0.009581970484,0.008548165352,0.008792086966,0.02758864625,0.004560583096,0.009797979092,0.009653252318,0.002393692737,0.002294414334,0.002766833146,0.008940166552
0.00516949948,0.01144527602,0.00609373864,0.00539675794,0.00710124904,0.0052786324,0.00520866055,0.005264101,0.00520866055,0.00507923632,0.00510313942,0.007102639,0.00520495399,0.00568724905,0.00549092773,0.01079833388,0.01228776026,0.01240265309,0.01145255225,0.03041722164,0.01178307842,0.01179822056,0.0059808781,0.01148578493,0.01240355867,0.01179094433,0.00518022955,0.00735715094,0.00497306233,0.00609169582,0.01240097882,0.01179805208,0.00512919064,0.0121370018,0.00717567692,0.0124761209,0.00496843966,0.00569255617,0.01179750452,0.01227829379,0.01357436831,0.00867480143,0.00699645448,0.0056371789,0.01226630012,0.01218987338,0.00874505575,0.00609304366,0.00741244213,0.00517044718,0.00520438537,0.01144689764,0.01138946702,0.01179315563,0.00514875538,0.00514462762,0.01180153751,0.01150412819,0.01240513817,0.01226249879,0.01148318402,0.00516854125,0.00613971262,0.004553074333,0.00528927823,0.0115187333,0.00520206877,0.01197564053,0.0071841641,0.00502716547,0.00515371501,0.0051807034,0.00521852716,0.01391285284,0.01259247326,0.01155868095,0.01180257692,0.03059912202,0.007419759518,0.01280849469,0.01266378272,0.005252872318,0.00515358865,0.00804297095,0.01195066078
0.0067120688,0.00688307891,0.00735944267,0.006499345102,0.00836695307,0.00666664238,0.00672065075,0.00659763929,0.00672065075,0.00679619297,0.0070134374,0.00836834303,0.00724840382,0.00695295308,0.00675663176,0.00697871237,0.00697531118,0.00709020401,0.00615785675,0.02548421027,0.00614433272,0.00615946433,0.00724658213,0.00692358782,0.00709109906,0.0061521881,0.00668643878,0.0085454578,0.00687011357,0.00735739985,0.00708852974,0.00615929585,0.00674733377,0.00804014974,0.00836398378,0.00754305719,0.00701188949,0.0069582602,0.00615874829,0.00676740335,0.00864131513,0.00892428782,0.00826215851,0.00690288293,0.00695384051,0.00762767627,0.01001075978,0.00735874769,0.00867814616,0.00668609129,0.0067262843,0.00688469,0.0063378671,0.00633517844,0.0067666142,0.00676276022,0.00616278128,0.00619167911,0.00709267856,0.00695003918,0.00692098691,0.00671232152,0.00740541665,0.00728941817,0.00666546302,0.00620628422,0.00669544193,0.00741344342,0.00837248149,0.00692278463,0.00675725303,0.00675942221,0.00672717935,0.0084604258,0.007280019906,0.006996466744,0.006163829238,0.02566611065,0.008685463548,0.00716971709,0.007152864654,0.006831591128,0.00677144747,0.01126958794,0.006638209718
0.00769529456,0.006654849608,0.00834267896,0.00748260078,0.00935018936,0.00764987867,0.00770388704,0.00758086505,0.00770388704,0.00777942926,0.00799666316,0.00935157932,0.00823164011,0.00793618937,0.00773985752,0.006750483068,0.006747092408,0.006861985238,0.005929637978,0.0252559622,0.005916113948,0.005931245558,0.00822981842,0.006695369048,0.006862880288,0.005923969328,0.00766967507,0.010548169688,0.00785334986,0.00834063614,0.006860300438,0.005931077078,0.00773055953,0.0090234074,0.010366695668,0.007314838418,0.00799512578,0.00794149649,0.005930529518,0.006539184578,0.008413096358,0.008696069048,0.0092453948,0.00788611922,0.006725621738,0.007399457498,0.01099398554,0.00834198398,0.00966138245,0.00766932758,0.00770952059,0.006656471228,0.006109648328,0.006106959668,0.00774985049,0.00774599651,0.005934562508,0.005963460338,0.006864459788,0.006721820408,0.006692768138,0.00769554728,0.00838864241,0.00827264393,0.00764869931,0.005978065448,0.00767866769,0.007185224648,0.010375182848,0.00790602092,0.00774048932,0.0077426585,0.00771041564,0.00823217711,0.007051801134,0.006768243698,0.005935606192,0.02543786258,0.00966868076,0.00694151114,0.00692465443,0.00781481887,0.00775468376,0.0122528456,0.00640997385
0.004809409314,0.003839856092,0.005456783184,0.004596681342,0.006464304114,0.004763993424,0.004818001794,0.004694979804,0.004818001794,0.004893533484,0.005110777914,0.006465683544,0.005345754864,0.005050304124,0.004853972274,0.007085197674,0.005413101272,0.005205323312,0.004577882732,0.02290358943,0.004908419432,0.004923551042,0.005343933174,0.003972133952,0.005219738882,0.004916274812,0.004783789824,0.003644004204,0.004967464614,0.005454750894,0.005208355952,0.004923382562,0.004844674284,0.004681840582,0.003462540714,0.004962469922,0.005109240534,0.005055611244,0.004922835002,0.005403624272,0.006060717332,0.004961665224,0.006359509554,0.005000233974,0.005391630602,0.004676222402,0.008108100294,0.005456088204,0.006775497204,0.004783442334,0.004823635344,0.003841224214,0.004514797502,0.004918486112,0.004863965244,0.004860111264,0.004926867992,0.004629469202,0.005218380512,0.005387829272,0.003969533042,0.004809662034,0.005502757164,0.005386758684,0.004762814064,0.004644074312,0.004792782444,0.004461989552,0.003471027894,0.005020135674,0.004854604074,0.004856773254,0.004824530394,0.007038179048,0.004153404028,0.003940575558,0.004927911676,0.02308547928,0.006782799788,0.005933808076,0.005789091832,0.004928937898,0.004868798514,0.00936693471,0.005075995536
0.00585537969,0.00523428231,0.00650275356,0.005642655992,0.00751027449,0.00580995327,0.00586397217,0.00574095018,0.00586397217,0.00593950386,0.00615674829,0.00751165392,0.00639172524,0.00609626397,0.00589994265,0.00458734017,0.00607677708,0.00619165938,0.00524155854,0.02420623815,0.00557209524,0.00558722685,0.00638990355,0.00527479122,0.00619256496,0.00557995062,0.00582974967,0.00431590836,0.00601342446,0.00650071074,0.00618998511,0.00558705837,0.00589064466,0.0068697013,0.00413444487,0.00626512719,0.00615520038,0.00610157109,0.00558651081,0.00606730008,0.0073633746,0.002462318778,0.00740547993,0.00604619382,0.00605530641,0.00597887967,0.00915407067,0.00650205858,0.00782145705,0.00582941271,0.00586959519,0.00523590393,0.00517848384,0.00558216192,0.00590993562,0.00590607111,0.0055905438,0.00529314501,0.00619414446,0.00605150508,0.00527219031,0.00585563241,0.00654872754,0.00643272906,0.00580878444,0.00530775012,0.00583875282,0.00576465735,0.00414293205,0.00606609552,0.00590056392,0.00590274363,0.00587050077,0.007701854856,0.006381485806,0.005347670144,0.005591591758,0.02438813853,0.007828774438,0.006597483884,0.006452771914,0.005974902018,0.00591475836,0.01041289883,0.005739675618
0.00241855422,0.00144900129718,0.00306592809,0.00220582975268,0.00407344902,0.00237313833,0.0024271467,0.00230412471,0.0024271467,0.00250267839,0.00271992282,0.00407483898,0.00295489977,0.00265944903,0.00246311718,0.00469434258,0.00302224647718,0.00281446851718,0.00218702793718,0.02051271724,0.00251756463718,0.00253269624718,0.00295307808,0.00158127915718,0.00282888408718,0.00252542001718,0.00239293473,0.00125314911,0.00257660952,0.0030638958,0.00281750115718,0.00253252776718,0.00245381919,0.00537537931,0.00107168562,0.00257161512718,0.00271838544,0.00266475615,0.00253198020718,0.00301276947718,0.00366986253718,0.00257081013,0.00396865446,0.00260937888,0.00300077580718,0.00228536760718,0.0057172452,0.00306523311,0.00438464211,0.00239258724,0.00243278025,0.0014503716844,0.00212394270718,0.00252763131718,0.00247311015,0.00246925617,0.00253601319718,0.00223861440718,0.00282752571718,0.00299697447718,0.00157867824718,0.00241880694,0.00311190207,0.00299590359,0.00237195897,0.00225321951718,0.00240192735,0.00207113475718,0.0010801728,0.00262928058,0.00246374898,0.00246591816,0.0024336753,0.004647323954,0.0017625502162,0.0015497208914,0.00253705876174,0.02069460709,0.004391948968,0.003542952982,0.0033982384476,0.002538087078,0.00247794342,0.006976079616,0.0026851417242
0.00206589828,0.00117129699718,0.00271327215,0.00185317381268,0.00372079308,0.00202047186,0.00207449076,0.00195146877,0.00207449076,0.00215002245,0.00236726688,0.00372217251,0.00260224383,0.00230678256,0.00211046124,0.00433562883,0.00274453164718,0.00253675368718,0.00190931310718,0.02023500241,0.00223984980718,0.00225498141718,0.00260042214,0.00130357485718,0.00255117978718,0.00224770518718,0.00204026826,0.00089443536,0.00222394305,0.00271122933,0.00253979685718,0.00225481293718,0.00210116325,0.005674305298,0.00071297187,0.00229390029718,0.00236571897,0.00231208968,0.00225427590718,0.00273506517718,0.00339215823718,0.00221209638,0.00361599852,0.00225671241,0.00272306097718,0.00200766330718,0.00536458926,0.00271257717,0.00403197564,0.0020399313,0.00208011378,0.0011726673844,0.00184623840718,0.00224992701718,0.00212044368,0.0021165897,0.00225829836718,0.00196089957718,0.00254981088718,0.00271925964718,0.00130097394718,0.002066151,0.00275924613,0.00264324765,0.00201930303,0.00197550468718,0.00204927141,0.00179343045718,0.00072145905,0.00227661411,0.00211108251,0.00211326222,0.00208100883,0.004369609124,0.0014848398262,0.0012720060614,0.00225934393174,0.02041690279,0.004039293028,0.003265238152,0.0031205236176,0.002185420608,0.00212527695,0.006623413146,0.0024074268942
0.00188092581,0.004797587361,0.00252829968,0.00166820134268,0.00353581008,0.00183549939,0.00188950776,0.0017664963,0.00188950776,0.00196504998,0.00218229441,0.00353720004,0.00241726083,0.00212181009,0.00192547824,0.004150645221,0.005640082131,0.005754964431,0.004804863591,0.023769543511,0.005135400291,0.005150531901,0.00241543914,0.004838096271,0.005755870011,0.005143255671,0.00185529579,0.000709462281,0.00203897058,0.00252625686,0.005753290161,0.005150363421,0.00191618025,0.005489321689,0.000527992473,0.005828432241,0.0021807465,0.00212711721,0.005149815861,0.005630605131,0.006926679651,0.002027123301,0.00343101552,0.00207173994,0.005618611461,0.005542184721,0.00517960626,0.0025276047,0.00384700317,0.0018549483,0.00189514131,0.004799208981,0.004741788891,0.005145466971,0.00193547121,0.00193161723,0.005153848851,0.004856450061,0.005757449511,0.005614810131,0.004835495361,0.00188117853,0.00257426313,0.00245826465,0.00183432003,0.004871055171,0.00186428841,0.005327962401,0.000536481759,0.00209164164,0.00192611004,0.00192827922,0.00189603636,0.007265159907,0.0059447891474,0.004910973058,0.00515489441129,0.023951443891,0.003854320558,0.006160788935,0.0060160739732,0.002000448138,0.00194030448,0.006438440676,0.0053029776772
0.00485535009,0.00702478512,0.00390880839,0.00479471835,0.00634569258,0.00480992367,0.00486393204,0.00474092058,0.00486393204,0.00493947426,0.00515671869,0.00634708254,0.00539168511,0.00493169259,0.00476294934,0.00637784298,0.00786727989,0.00798216219,0.00703206135,0.02599672021,0.00736257699,0.00737774019,0.00400783251,0.00706529403,0.00798310989,0.00737047449,0.00482972007,0.00293666004,0.00501339486,0.00389926821,0.00798047739,0.00737752959,0.00489061506,0.007716519448,0.00275518602,0.00805566159,0.00515517078,0.00493699971,0.00737700309,0.00785780289,0.00915383529,0.00425431053,0.00624089802,0.00488162244,0.00784579869,0.00776935089,0.001240718043,0.00390807129,0.00515920377,0.00482937258,0.00486956559,0.00702640674,0.00696897612,0.00737268579,0.00490989549,0.00490604151,0.00738100449,0.00708363729,0.00798468939,0.00784200789,0.00706269312,0.00485560281,0.00394294665,0.00543269946,0.00480874431,0.0070982424,0.00483872322,0.00755517069,0.0027636732,0.00506606592,0.00490053432,0.0049027035,0.00487046064,0.009492305016,0.0081719447864,0.007138170817,0.00738212376029,0.02617862059,0.006664203058,0.008388007754,0.0082432401422,0.004974872418,0.00491472876,0.009412864956,0.0075301754362
0.005078801844,0.00698517201,0.004132260144,0.005018180634,0.006569154864,0.005033375424,0.005087394324,0.004964372334,0.005087394324,0.005162926014,0.005380170444,0.006570534294,0.005615147394,0.005155144344,0.004986401094,0.00633822987,0.00782768784,0.00794257014,0.00699244824,0.02595712816,0.00732298494,0.00733814814,0.004231294794,0.00702569145,0.00794341254,0.00733088244,0.005053171824,0.00289704693,0.005236846614,0.004122719964,0.00794088534,0.00733793754,0.005114066814,0.007676916868,0.00271558344,0.00801596424,0.005378622534,0.005160461994,0.00733741104,0.00781821084,0.00911424324,0.00421470795,0.006464360304,0.005105074194,0.00780620664,0.00772975884,0.001464174009,0.004131523044,0.005382655524,0.005052834864,0.005093027874,0.00698679363,0.00692937354,0.00733309374,0.005133357774,0.005129503794,0.00734141244,0.00704403471,0.00794499204,0.00780241584,0.00702308001,0.005079054564,0.004166398404,0.005656151214,0.005032206594,0.00705863982,0.005062174974,0.00751557864,0.00272407062,0.005289517674,0.005123996604,0.005126165784,0.005093922924,0.009452712966,0.0081323527364,0.007098557707,0.00734253171029,0.02613902854,0.006887654812,0.008348415704,0.0082036480922,0.005198324172,0.005138180514,0.00963632724,0.0074905623262
0.0024264789,0.00082738725718,0.00307385277,0.00221375443268,0.0040813737,0.00238106301,0.00243507138,0.00231204939,0.00243507138,0.0025106136,0.0027278475,0.00408276366,0.00296282445,0.00266737371,0.00247104186,0.00165377112718,0.00240062190718,0.00219285447718,0.00156541389718,0.0198911032,0.00189594006718,0.00191108220718,0.00296100276,0.00095966511718,0.00220727004718,0.00190380597718,0.00240085941,0.00125502651,0.0025845342,0.00307182048,0.00219588711718,0.00191091372718,0.00246174387,0.00601650733,0.00107355249,0.00194999055718,0.00272631012,0.00267268083,0.00191036616718,0.00239115543718,0.00304824849718,0.00257268753,0.00397657914,0.00261730356,0.00237916176718,0.00166375356718,0.00572516988,0.00307315779,0.00439256679,0.00240051192,0.00244070493,0.0008287576444,0.00150232866718,0.00190601727718,0.00248103483,0.00247718085,0.00191438862718,0.00161698983718,0.00220590114718,0.00237536043718,0.00095706420718,0.00242673162,0.00311982675,0.00300382827,0.00237988365,0.00163159494718,0.00240985203,0.00144952071718,0.00108203967,0.00263720526,0.00247167366,0.00247384284,0.00244159998,0.004025709914,0.0011399088862,0.0009281068514,0.00191544472174,0.02007299305,0.004399873648,0.002921338942,0.0027766138776,0.002546011758,0.0024858681,0.006984004296,0.0020635276842
0.00620419332718,4.067003998e-05,0.00685156719718,0.0059914689026,0.00785908812718,0.00615877743718,0.00621278580718,0.00608976381718,0.00621278580718,0.00628832802718,0.00650556192718,0.00786047808718,0.00674053887718,0.00644508813718,0.00624875628718,0.00086704906618,0.00161390721718,0.00140612925718,0.00077869078318,0.01910437798,0.00110922537718,0.00112435698718,0.00673871718718,0.00017294621518,0.00142055535718,0.00111708075718,0.00617857383718,0.00466473252718,0.00636224862718,0.00684953490718,0.00140917242718,0.00112418850718,0.00623945829718,0.009444591636,0.00448325850718,0.00116327586718,0.00650402454718,0.00645039525718,0.00112365147718,0.00160444074718,0.00226153380718,0.00281263188718,0.00775429356718,0.00639501798718,0.00159243654718,0.00087703466518,0.00950292642718,0.00685088274718,0.00817028121718,0.00617822634718,0.00621841935718,4.20402166e-05,0.00071561397718,0.00111930258718,0.00625874925718,0.00625489527718,0.00112767393718,0.00083027514718,0.00141918645718,0.00158863521718,0.00017034530518,0.00620444604718,0.00689754117718,0.00678154269718,0.00615759807718,0.00084488025718,0.00618756645718,0.00066280497418,0.00449174568718,0.00641491968718,0.00624938808718,0.00625155726718,0.00621931440718,0.003238984694,0.0016065262218,0.0001413868964,0.00112871950174,0.01928627836,0.008177587776,0.002134613722,0.0019898991876,0.0063237263134,0.00626358252718,0.010761718424,0.0012768077292
0.001328957514,0.00597781092,0.000594301527,0.00042415204268,0.002819306322,0.001283535306,0.001337546835,0.001214528004,0.001337546835,0.001413082737,0.001630321902,0.002820685752,0.001865298852,0.00140530212,0.001236559923,0.00533086878,0.00682030569,0.00693519852,0.00598508715,0.02494974601,0.00631562385,0.00633075546,0.0004784971149,0.00601833036,0.00693609357,0.00632347923,0.001303330653,0.00188968584,0.001487008602,0.000592260813,0.00693351372,0.00633058698,0.001364221431,0.006669555778,0.00170822235,0.0070086558,0.001628784522,0.001410612399,0.00633004995,0.00681082869,0.00810691374,0.00320734686,0.002714511762,0.001355233023,0.00679883502,0.00672241881,0.003245613372,0.0005936076,0.001913010282,0.001302986322,0.001343178279,0.00597943254,0.00592201245,0.00632570106,0.001383508179,0.001379654199,0.00633407241,0.00603667362,0.00693767307,0.00679503369,0.00601572945,0.001329211287,0.000640273401,0.001906302672,0.001282358052,0.00605127873,0.001312329591,0.00650818596,0.00171670953,0.001539679662,0.001374147009,0.001376317242,0.001344073329,0.008445383466,0.0071250127064,0.006091207147,0.00633511797029,0.02513164639,0.00313780627,0.007341012494,0.0071962975322,0.001448483001,0.001388340396,0.005886478698,0.0064832012362
0.00307327302,0.00161429253,0.00372064689,0.00286054855268,0.00472815729,0.0030278466,0.00308185497,0.00295884351,0.00308185497,0.00315739719,0.00337464162,0.00472954725,0.00360960804,0.0033141573,0.00311783598,0.00170992599,0.0017065248,0.00182141763,0.00088907037,0.02021541367,0.00087554634,0.00089067795,0.00360778635,0.00165480144,0.00182232321,0.00088340172,0.003047643,0.00550760208,0.00323131779,0.00371860407,0.00181974336,0.00089050947,0.00310853799,0.004814604384,0.00532613859,0.00227427081,0.00337309371,0.00331946442,0.00088997244,0.00149861697,0.00337252875,0.00365551197,0.00462336273,0.00326408715,0.00168506466,0.00235888989,0.006371964,0.00371995191,0.00503935038,0.00304729551,0.00308748852,0.00161591415,0.00106908072,0.00106639206,0.00312781842,0.00312396444,0.0008939949,0.00092289273,0.00182390271,0.00168126333,0.00165220053,0.00307352574,0.00376662087,0.00365062239,0.00302666724,0.00093749784,0.00305664615,0.00214465704,0.00533462577,0.00328398885,0.00311845725,0.00312062643,0.00308838357,0.003191622324,0.0020112318164,0.001727678227,0.000895040460286,0.02039730352,0.005046667768,0.001900934984,0.0018840858122,0.003192795348,0.00313265169,0.007630787886,0.0013694308762
0.00223628787,0.00240729798,0.00288366174,0.00202356340268,0.00389118267,0.00219086145,0.00224488035,0.00212185836,0.00224488035,0.00232041204,0.00253765647,0.0038925621,0.00277263342,0.00247717215,0.00228085083,0.00250293144,0.00249953025,0.00261442308,0.00168207582,0.02100841912,0.00166855179,0.0016836834,0.00277081173,0.00244780689,0.00261532866,0.00167640717,0.00221065785,0.00630060753,0.00239433264,0.00288161892,0.00261274881,0.00168351492,0.00227155284,0.003862011417,0.00611914404,0.00306727626,0.00253610856,0.00248247927,0.00168297789,0.00229162242,0.0041655342,0.00444850689,0.00378638811,0.002427102,0.00247807011,0.00315189534,0.00553497885,0.00288296676,0.00420236523,0.00221031036,0.00225050337,0.0024089196,0.00186208617,0.00185939751,0.00229083327,0.00228697929,0.00168700035,0.00171589818,0.00261690816,0.00247425825,0.00244520598,0.00223654059,0.00292963572,0.00281363724,0.00218969262,0.00173050329,0.002219661,0.00293766249,0.00612763122,0.0024470037,0.0022814721,0.00228364128,0.00225139842,0.003984627774,0.0028042372664,0.002520683677,0.00168804591029,0.02119030897,0.004209682618,0.002693940434,0.0026770912622,0.002355810198,0.00229566654,0.006793802736,0.0021624363262
0.00649010304718,0.00032657624818,0.00713747691718,0.0062773786226,0.00814499784718,0.00644468715718,0.00649869552718,0.00637567353718,0.00649869552718,0.00657422721718,0.00679147164718,0.00814637727718,0.00702644859718,0.00673098732718,0.00653466600718,0.00115295380018,0.00189981511018,0.00169203715018,0.00106459657018,0.019390285873,0.00139513327018,0.00141026488018,0.00702462690718,0.00045885305518,0.00170645272018,0.00140298865018,0.00646448355718,0.00495064042018,0.00664814781718,0.00713544462718,0.00169508032018,0.00141009640018,0.00652536801718,0.009730499529,0.00476916640018,0.00144918376018,0.00678993426718,0.00673630497718,0.00140955937018,0.00189033811018,0.00254743117018,0.00309853978018,0.00804020328718,0.00668092770718,0.00187834444018,0.00116293624018,0.00978881508718,0.00713678193718,0.00845613828718,0.00646413606718,0.00650432907718,0.0003279466354,0.00100152187018,0.00140519995018,0.00654465897718,0.00654080499718,0.00141358183018,0.00111618304018,0.00170509435018,0.00187454311018,0.00045625109218,0.00649035576718,0.00718345089718,0.00706745241718,0.00644350779718,0.00113078815018,0.00647347617718,0.00094871392018,0.00477765358018,0.00670081887718,0.00653529780718,0.00653746698718,0.00650522412718,0.003524892587,0.0006401251162,0.0004272937364,0.00141462739474,0.019572186253,0.008463497496,0.002420521615,0.0022758070806,0.0066096360334,0.00654949224718,0.011047628144,0.0015627103572
0.00688637544,0.00145359456,0.00753374931,0.00667365097268,0.00854131236,0.00684094902,0.00689495739,0.00677194593,0.00689495739,0.00697049961,0.00718774404,0.00854268126,0.00742271046,0.00712725972,0.0069309384,0.00154922802,0.00148720632,0.00156430221,0.0007283724,0.01995829825,0.00096123282,0.00097637496,0.00742088877,0.00149410347,0.00156520779,0.00096909873,0.00686074542,0.00534690411,0.00704442021,0.00753170649,0.00156262794,0.00097620648,0.00692164041,0.010126774048,0.00516544062,0.00201715539,0.00718619613,0.00713256684,0.00097565892,0.00145644819,0.00311541333,0.00349480347,0.00843643356,0.00707718957,0.00146573565,0.00223116711,0.01018504536,0.00753305433,0.00885247386,0.00686039793,0.00690059094,0.00145521618,0.00090838275,0.00097131003,0.00694092084,0.00693706686,0.00097969191,0.00073729707,0.00156677676,0.00146193432,0.00149150256,0.00688662816,0.00757972329,0.00746372481,0.00683976966,0.0006968877,0.00686974857,0.00198395907,0.0051739278,0.00709709127,0.00693155967,0.00693372885,0.00690148599,0.003112284096,0.0008579593462,0.001566980257,0.000980737470286,0.0201401881,0.008859791248,0.001986631994,0.0018419065022,0.007005897768,0.00694575411,0.011443879776,0.0011064339562
0.00161195868,0.00449087652,0.00225933255,0.00139923421268,0.00326685348,0.00156653226,0.00162055116,0.00149752917,0.00162055116,0.00169608285,0.00191332728,0.00326823291,0.00214830423,0.00185284296,0.00165652164,0.00384393438,0.00533337129,0.00544825359,0.00449815275,0.02346285373,0.00482868945,0.00484382106,0.00214648254,0.00453139596,0.00544915917,0.00483654483,0.00158632866,0.000402752493,0.00177000345,0.00225728973,0.00544657932,0.00484365258,0.00164722365,0.005182621378,0.000221283738,0.0055217214,0.00191177937,0.00185815008,0.00484311555,0.00532389429,0.00661997934,0.00172041246,0.00316205892,0.00180277281,0.00531190062,0.00523548441,0.00491064966,0.00225863757,0.00357803604,0.0015859917,0.00162617418,0.00449249814,0.00443507805,0.00483875613,0.00166650408,0.0016626501,0.00484713801,0.00454973922,0.00545073867,0.00530809929,0.00452879505,0.0016122114,0.00230530653,0.00218930805,0.00156536343,0.00456434433,0.00159533181,0.00502125156,0.000229773024,0.00182267451,0.00165714291,0.00165932262,0.00162706923,0.006958449066,0.0056380783064,0.004604262217,0.00484818357029,0.02364475411,0.003585353428,0.005854078094,0.0057093631322,0.001731481008,0.00167133735,0.006169473546,0.0049962668362
4.08003804e-05,0.00613586898,0.00093565368,0.000238678245,0.00194316408,0.000120551652,5.05789596e-05,0.000106018146,5.05789596e-05,0.000124925814,0.000342169191,0.00194455404,0.000577142982,0.000529165143,0.000332839611,0.00548892684,0.00697835322,0.00709324605,0.00614314521,0.02510788831,0.00647367138,0.00648881352,0.000822799458,0.00617637789,0.00709415163,0.00648153729,2.214459e-05,0.0020477439,0.000198846414,0.000933612966,0.00709157178,0.00648864504,7.60641921e-05,0.006827603308,0.00186626988,0.00716671386,0.000340623387,0.000534475422,0.00648809748,0.00696888675,0.00826496127,0.00336539439,0.00183838005,0.000479097099,0.00695689308,0.00688046634,0.00358697079,0.0009349587,0.00225435717,1.48291884e-05,5.50207242e-05,0.0061374906,0.00608005998,0.00648374859,9.53514666e-05,9.14969601e-05,0.00649213047,0.00619472115,0.00709573113,0.00695309175,0.00617377698,4.10537322e-05,0.000981624501,0.000618148908,0.000131192217,0.00620932626,4.39823358e-05,0.00666623349,0.00187475706,0.000251517474,8.5990086e-05,8.81602137e-05,6.04408311e-05,0.008603441526,0.0072830602364,0.006249254677,0.00649317603029,0.02528978869,0.002261674558,0.007499070554,0.0073543555922,0.0001603259727,0.0001001831571,0.004598318616,0.0066412592962
0.000327257658,0.00597918297,0.0012514905,0.000554517171,0.00225901143,0.000436390578,0.000366417675,0.000421857072,0.000366417675,0.000236994498,0.000272169963,0.00226039086,0.000507143754,0.000845004069,0.000648677484,0.00533224083,0.00682167774,0.00693656004,0.0059864592,0.0249512023,0.0063169959,0.00633212751,0.00113864049,0.00601969188,0.00693746562,0.00632485128,0.000337983516,0.00189105789,0.000130813137,0.00124944768,0.00693488577,0.00633195903,0.000286948818,0.006670917298,0.00170958387,0.00701002785,0.000270625212,0.000850313295,0.00633141147,0.00681220074,0.00810827526,0.00320871891,0.00215421687,0.000794934972,0.00680020707,0.00672378033,0.00390280761,0.00125079552,0.00257019399,0.000328204305,0.000362136177,0.00598080459,0.0059233845,0.00632706258,0.000306514611,0.000302381586,0.00633544446,0.00603804567,0.00693904512,0.00679640574,0.00601709097,0.000326296269,0.00129746448,0.000548150733,0.00044703009,0.00605265078,0.00035982063,0.00650955801,0.00171808158,0.000184922595,0.000311468976,0.000338459472,0.00037627902,0.008446755516,0.0071263847564,0.006092568667,0.00633649002029,0.02513310268,0.002577511378,0.007342384544,0.0071976695822,0.000410625231,0.000311345775,0.004528325706,0.0064845732862
0.00652448916,0.00109170828,0.00717186303,0.00631176469268,0.00817937343,0.00647906274,0.00653307111,0.00641005965,0.00653307111,0.00660861333,0.00682585776,0.00818076339,0.00706082418,0.00676537344,0.00656904159,0.00118734174,0.00112532004,0.00124021287,0.00036648612,0.01963419838,3.77494182e-05,5.28851349e-05,0.00705900249,0.00113221719,0.00124110792,4.5606483e-05,0.00649885914,0.00498501783,0.00668253393,0.00716982021,0.00123852807,5.27160231e-05,0.00655975413,0.009764877238,0.00480354381,0.00169306605,0.00682430985,0.00677068056,5.21713062e-05,0.00066082068,0.00279132399,0.00313291719,0.00807457887,0.00671530329,0.00110384937,0.00183630564,0.00982312749,0.00717116805,0.00849056652,0.00649851165,0.00653870466,0.00109331937,0.000546497523,0.000228599982,0.00657903456,0.00657518058,5.61987153e-05,0.000341686917,0.00124268742,0.00110004804,0.00112961628,0.00652474188,0.00721782648,0.00710183853,0.00647788338,0.000324116559,0.00650785176,0.00162207279,0.00481204152,0.00673520499,0.00656967339,0.00657184257,0.00653959971,0.00235382814,0.0014300270564,0.001205093977,5.7245539186e-05,0.01981609876,0.008497883908,0.0010631408,0.0010462853102,0.006644011488,0.00658386783,0.011082004026,0.0007669302442
0.00649970154,0.00106692066,0.00714707541,0.00628697707268,0.00815458581,0.00645427512,0.00650828349,0.00638527203,0.00650828349,0.00658382571,0.00680107014,0.00815597577,0.00703603656,0.00674058582,0.00654425397,0.00116255412,0.00110053242,0.00121542525,0.000341699553,0.01960941076,0.00019374147,0.000208877292,0.00703421487,0.00110742957,0.0012163203,0.000201598956,0.00647407152,0.00496023021,0.00665774631,0.00714503259,0.00121375098,0.000208707759,0.00653496651,0.009740100148,0.00477876672,0.00166827843,0.00679952223,0.00674589294,0.000208163358,0.000688951575,0.00276653637,0.00310812957,0.00804979125,0.00669051567,0.00107906175,0.00181151802,0.00979838199,0.00714638043,0.0084657789,0.00647372403,0.00651391704,0.00106854228,0.000521710956,3.45117591e-05,0.00655424694,0.00655039296,0.000212191083,0.00031690035,0.0012178998,0.00107526042,0.00110482866,0.00649995426,0.00719304939,0.00707705091,0.00645309576,0.000299329992,0.00648307467,0.00159728517,0.0047872539,0.00671041737,0.00654488577,0.00654705495,0.00651481209,0.002381957982,0.0014052394364,0.001180306357,0.000213237696286,0.01979131114,0.008473096288,0.001219133273,0.0010744151522,0.006619223868,0.00655908021,0.011057216406,0.0007421436772
2.68498152e-05,0.00614150253,0.000941290389,0.000244314954,0.00194880816,0.000126189414,5.62159845e-05,0.000111654855,5.62159845e-05,0.00011097567,0.000328217994,0.00195018759,0.000563191785,0.000534801852,0.00033847632,0.00549456039,0.0069839973,0.0070988796,0.00614877876,0.02511346921,0.00647931546,0.00649444707,0.000828436167,0.00618202197,0.00709978518,0.00648717084,2.77815096e-05,0.00205337745,0.00018489627,0.000939249675,0.00709720533,0.00649427859,6.21136269e-05,0.006833247388,0.00187191396,0.00717234741,0.000326673243,0.000540112131,0.00649373103,0.0069745203,0.00827059482,0.00337103847,0.0018440136,0.000484733808,0.00696252663,0.00688609989,0.00359260434,0.000940595409,0.00226000125,1.80028251e-05,5.19342759e-05,0.00614312415,0.00608570406,0.00648938214,8.14009014e-05,7.75463949e-05,0.00649776402,0.00620036523,0.00710136468,0.0069587253,0.00617941053,2.7103167e-05,0.00098726121,0.000604198764,0.000136828926,0.00621497034,4.96192554e-05,0.00667187757,0.00188040114,0.00023756733,7.20395208e-05,7.42096485e-05,6.60777507e-05,0.008609075076,0.0072887043164,0.006254888227,0.00649880958029,0.02529536959,0.002267308108,0.007504704104,0.0073599891422,0.0001463754075,8.62325919e-05,0.004584366366,0.0066468928462
0.000183132495,0.00597596556,0.00110736639,0.000410392008,0.00211488732,0.000292265415,0.000222292512,0.000277730856,0.000222292512,9.28687032e-05,0.000261717885,0.00211626675,0.000496691676,0.000700878906,0.000504552321,0.00532903395,0.00681846033,0.00693335316,0.00598324179,0.0249479533,0.00631377849,0.0063289101,0.000994512168,0.006016485,0.00693424821,0.00632163387,0.0001938573,0.00188784048,0.000118396161,0.00110532357,0.00693166836,0.00632874162,0.000142823655,0.006667710418,0.00170637699,0.00700681044,0.000260173134,0.000706188132,0.00632820459,0.00680898333,0.00810506838,0.0032055015,0.00201009276,0.000650809809,0.00679698966,0.00672057345,0.0037586835,0.00110667141,0.00242606988,0.000184079142,0.000218009961,0.00597758718,0.00592016709,0.0063238557,0.000162389448,0.000158256423,0.00633222705,0.00603482826,0.00693582771,0.00679318833,0.00601388409,0.000182171106,0.00115334037,0.000537698655,0.000302904927,0.00604943337,0.000215695467,0.0065063406,0.00171486417,0.000171067221,0.000167343813,0.000194333256,0.000232153857,0.008443538106,0.0071231673464,0.006089351257,0.00633327261029,0.02512985368,0.002433387268,0.007339167134,0.0071944521722,0.000266500068,0.000167220612,0.004517869416,0.0064813558762
0.00176389161,0.00282735504,0.00241126548,0.00155116714268,0.00341878641,0.00171846519,0.00177248409,0.0016494621,0.00177248409,0.00184801578,0.00206526021,0.00342016584,0.00230023716,0.00200477589,0.00180845457,0.0029229885,0.00291958731,0.00303448014,0.00210213288,0.02142843406,0.00208860885,0.00210374046,0.00229841547,0.00286786395,0.00303538572,0.00209646423,0.00173826159,0.00277190031,0.00192193638,0.00240922266,0.00303280587,0.00210357198,0.00179915658,0.004397686824,0.00259042629,0.00348734385,0.0020637123,0.00201009354,0.00210303495,0.00271167948,0.00458559126,0.00486857448,0.00331399185,0.00195470574,0.00289812717,0.0035719524,0.00506258259,0.0024105705,0.0037299795,0.00173792463,0.00177811764,0.00282897666,0.00228214323,0.0022794651,0.00181844754,0.00181459356,0.00210705741,0.00213595524,0.00303696522,0.00289432584,0.00286526304,0.00176414433,0.00245723946,0.00234124098,0.00171729636,0.00215056035,0.00174726474,0.00335771955,0.00259891347,0.00197460744,0.00180908637,0.00181125555,0.00177901269,0.004404684834,0.0032242943264,0.002940740737,0.00210810297029,0.02161033444,0.003737286358,0.003113997494,0.0030971483222,0.001883413938,0.00182328081,0.006321417006,0.0025824933862
0.00154323054,0.00462029022,0.00219060441,0.00133050607268,0.00319812534,0.00149781465,0.00155182302,0.00142880103,0.00155182302,0.00162735471,0.00184459914,0.00319950477,0.00207957609,0.00178411482,0.0015877935,0.00397335861,0.00546278499,0.00557767782,0.00462756645,0.02359227796,0.00495810315,0.00497324529,0.0020777544,0.00466080966,0.00557857287,0.00496595853,0.00151761105,0.000532169352,0.00170127531,0.00218857212,0.00557600355,0.00497306628,0.00157849551,0.005312035078,0.000350699544,0.0056511351,0.00184305123,0.00178943247,0.00497252925,0.00545331852,0.00674939304,0.00184982616,0.00309333078,0.0017340552,0.00544131432,0.00536489811,0.00484192152,0.00218990943,0.00350931843,0.00151726356,0.00155745657,0.00462191184,0.00456449175,0.00496818036,0.00159778647,0.00159393249,0.00497655171,0.00467915292,0.00558015237,0.00543751299,0.00465820875,0.00154348326,0.00223657839,0.00212057991,0.00149663529,0.00469375803,0.00152660367,0.00515066526,0.00035918883,0.00175394637,0.0015884253,0.00159059448,0.00155835162,0.007087862766,0.0057674920064,0.004733686447,0.00497759727029,0.02377416781,0.003516625288,0.005983491794,0.0058387768322,0.001662763398,0.00160261974,0.006100755936,0.0051256910662
0.000255576789,0.00590794713,0.000902950659,4.285160564e-05,0.00191046843,0.000210153528,0.000264165057,0.000141147279,0.000264165057,0.000339702012,0.000556944336,0.00191184786,0.000791918127,0.000496463175,0.000300137643,0.00526101552,0.0067504419,0.00686533473,0.00591522336,0.02487991381,0.00624576006,0.0062609022,0.00079009749,0.00594846657,0.00686622978,0.00625361544,0.000229949928,0.00181982205,0.000413622612,0.000900909945,0.00686366046,0.00626072319,0.000290840706,0.006599691988,0.00163835856,0.00693879201,0.000555399585,0.000501773454,0.00626018616,0.00674097543,0.00803704995,0.00313748307,0.00180567387,0.000446394078,0.00672897123,0.00665255502,0.00355426461,0.000902256732,0.00222166152,0.000229605597,0.000269796501,0.00590956875,0.00585214866,0.00625583727,0.000310127454,0.000306273474,0.00626420862,0.00596680983,0.00686780928,0.0067251699,0.00594586566,0.000255829509,0.000948922533,0.000832925106,0.000208977327,0.00598141494,0.000238948866,0.00643832217,0.00164684574,0.000466293672,0.000300766284,0.000302936517,0.000270692604,0.008375519676,0.0070551489164,0.006021343357,0.00626525418029,0.02506181419,0.002228968378,0.007271148704,0.0071264337422,0.000375102276,0.000314959671,0.004813099026,0.0064133374462
0.0001941732,0.00604995471,0.000849741516,0.000152767134,0.00185726034,0.000148750992,0.000202762521,7.97437953e-05,0.000202762521,0.000278298423,0.0004955418,0.00185863977,0.000730515591,0.000443254032,0.000246927447,0.00540301257,0.00689244948,0.00700733178,0.00605723094,0.02502196351,0.00638776764,0.00640289925,0.000736888347,0.00609046362,0.00700823736,0.00639562302,0.000168546339,0.00196182963,0.000352220076,0.000847700802,0.00700565751,0.00640273077,0.000229437117,0.006741689038,0.00178035561,0.00708079959,0.000493997049,0.000448563258,0.00640218321,0.00688297248,0.008179047,0.00327949065,0.00175246578,0.000393184935,0.00687097881,0.00679455207,0.00350105652,0.000849047589,0.00216845343,0.000168202008,0.000208393965,0.00605157633,0.00599415624,0.00639783432,0.000248723865,0.000244869885,0.0064062162,0.00610881741,0.00700981686,0.00686717748,0.00608786271,0.000194426973,0.00089571339,0.000771521517,0.000147573738,0.00612342252,0.000177545277,0.00658032975,0.00178885332,0.000404891136,0.000239362695,0.000241532928,0.000209289015,0.008517527256,0.0071971564964,0.006163340407,0.00640726176029,0.02520386389,0.002175760288,0.007413156284,0.0072684413222,0.000313698687,0.000253556082,0.004751698596,0.0065553450262
0.00158273706,0.00445543254,0.00223011093,0.00137001259268,0.00323763186,0.00153731064,0.00159132954,0.00146830755,0.00159132954,0.00166686123,0.00188410566,0.00323901129,0.00211908261,0.00182362134,0.00162730002,0.0038084904,0.00529792731,0.00541280961,0.00446270877,0.02342740975,0.00479324547,0.00480837708,0.00211726092,0.00449594145,0.00541371519,0.00480110085,0.00155710704,0.00036730746,0.00174078183,0.00222806811,0.00541113534,0.0048082086,0.00161800203,0.005147166868,0.000185837652,0.00548627742,0.00188255775,0.00182892846,0.00480766104,0.00528845031,0.00658452483,0.00168496848,0.0031328373,0.00177355119,0.00527645664,0.0052000299,0.00488142804,0.00222941595,0.00354881442,0.00155675955,0.00159695256,0.00445705416,0.00439963407,0.00480331215,0.00163728246,0.00163342848,0.00481169403,0.00451429524,0.00541529469,0.00527265531,0.00449334054,0.00158298978,0.00227608491,0.00216008643,0.00153614181,0.00452890035,0.00156611019,0.00498580758,0.000194326938,0.00179345289,0.00162792129,0.001630101,0.00159784761,0.006923005086,0.0056026343264,0.004568818237,0.00481273959029,0.02360931013,0.003556131808,0.005818634114,0.0056739191522,0.001702259388,0.00164211573,0.006140251926,0.0049608228562
0.00622442628,0.000791649612,0.00687181068,0.00601170181268,0.00787932108,0.00617901039,0.00623301876,0.00610999677,0.00623301876,0.00630856098,0.00652579488,0.00788071104,0.00676077183,0.00646532109,0.00626898924,0.000887283072,0.000825265584,0.000940154202,6.64320852e-05,0.01933414603,0.000299295243,0.000314431065,0.00675895014,0.000832162734,0.000941056623,0.000307152729,0.00619880679,0.00468496548,0.00638248158,0.00686976786,0.000938478879,0.000314261532,0.00625969125,0.009464824888,0.00450349146,0.0013930137,0.0065242575,0.00647062821,0.000313717131,0.000794505348,0.00249126111,0.00283286484,0.00777452652,0.00641525094,0.000803798073,0.00153625329,0.00952312779,0.0068711157,0.00819051417,0.0061984593,0.00623865231,0.000793270179,0.000246443067,0.000309367188,0.00627898221,0.00627512823,0.000317744856,4.16328822e-05,0.000942636123,0.00079999569,0.000829561824,0.006224679,0.00691777413,0.00680177565,0.00617783103,3.49493859e-05,0.00620779941,0.00132202044,0.00451197864,0.00643515264,0.00626962104,0.00627179022,0.00623954736,0.002450345466,0.0011299715474,0.000905038468,0.000318791469286,0.01951604641,0.008197831558,0.001324687046,0.0011799689252,0.006343959138,0.00628381548,0.010781951676,0.0004444881658
0.00619450002,0.000761714928,0.00684187389,0.00598177555268,0.00784938429,0.0061490736,0.00620308197,0.00608007051,0.00620308197,0.00627862419,0.00649586862,0.00785077425,0.00673083504,0.0064353843,0.00623905245,0.000857348388,0.000853952463,0.000968841081,3.64974012e-05,0.01936282975,0.000349271676,0.000364407498,0.00672901335,0.00080222805,0.000969744555,0.000357128109,0.00616887,0.00465502869,0.00635254479,0.00683983107,0.000967165758,0.000364237965,0.00622976499,0.009434888098,0.00447355467,0.00142169742,0.00649432071,0.00644069142,0.000363693564,0.000844480728,0.00251995536,0.00280292805,0.00774458973,0.00638531415,0.000832486005,0.0015063165,0.00949322259,0.00684117891,0.00816057738,0.00616852251,0.00620871552,0.000763335495,0.000216508383,0.000359343621,0.00624904542,0.00624519144,0.000367720236,7.03202877e-05,0.000971323002,0.000828682569,0.00079962714,0.00619475274,0.00688783734,0.00677184939,0.00614789424,8.4925503e-05,0.00617787315,0.00129208365,0.00448205238,0.00640521585,0.00623968425,0.00624185343,0.00620961057,0.002479029186,0.0011586584264,0.000875103784,0.000368767902286,0.01954473013,0.008167894768,0.001374663479,0.0012299453582,0.006314022348,0.00625387869,0.010752014886,0.0005168522212
4.46413032e-05,0.00614643057,0.000946221588,0.000249247206,0.0019537362,0.000131120613,6.11478153e-05,0.000116587107,6.11478153e-05,0.000128767158,0.000346009482,0.00195512616,0.000580983273,0.000539734104,0.000343408572,0.00549949896,0.00698892534,0.00710381817,0.0061537068,0.02511841831,0.0064842435,0.00649938564,0.000833368419,0.00618695001,0.00710472375,0.00649209888,3.27134457e-05,0.00205830549,0.000202687758,0.000944180874,0.0071021439,0.00649921716,7.99052202e-05,0.006838175428,0.001876842,0.00717727545,0.000344464731,0.000545044383,0.0064986696,0.00697945887,0.00827553339,0.00337596651,0.00184894164,0.000489665007,0.00696745467,0.00689103846,0.00359753238,0.000945527661,0.00226492929,2.29346559e-05,5.8861647e-05,0.00614805219,0.0060906321,0.00649432071,9.91923894e-05,9.53378829e-05,0.00650269206,0.00620529327,0.00710629272,0.00696365334,0.0061843491,4.4894655e-05,0.000992193462,0.000621990252,0.000141760125,0.00621989838,5.45510862e-05,0.00667680561,0.00188532918,0.000255358818,8.98310088e-05,9.20011365e-05,7.10095815e-05,0.008614003116,0.0072936323564,0.006259826797,0.00650373762029,0.02530031869,0.002272246678,0.007509642674,0.0073649171822,0.000164167422,0.0001040240799,0.004602162066,0.0066518314162
0.00630829773,0.000875518956,0.0069556716,0.00609557326268,0.00796319253,0.00626288184,0.00631689021,0.00619386822,0.00631689021,0.0063924219,0.00660966633,0.00796457196,0.00684464328,0.00654919254,0.00635286069,0.000971152416,0.000909134928,0.000916645977,0.000150301008,0.01931064307,0.000404453088,0.00041958891,0.00684282159,0.000916032078,0.000917548398,0.000412310574,0.00628267824,0.00476883693,0.0064663425,0.00695363931,0.000914970654,0.00041942043,0.0063435627,0.009548696338,0.00458736291,0.00136950021,0.00660811842,0.00655449966,0.000418874976,0.000899663193,0.00246775815,0.00291673629,0.00785839797,0.00649912239,0.00088766847,0.00158351193,0.00960694659,0.00695497662,0.00827438562,0.00628233075,0.00632252376,0.000877139523,0.000330312411,0.000414525033,0.00636285366,0.00635899968,0.000422902701,8.96438907e-05,0.000919127898,0.000883865034,0.000913431168,0.00630855045,0.00700164558,0.0068856471,0.00626170248,0.000140107968,0.00629167086,0.00140589189,0.00459585009,0.00651901356,0.00635349249,0.00635566167,0.00632341881,0.002534216916,0.0011064633224,0.000988907812,0.000423949314286,0.01949253292,0.008281692478,0.001429844891,0.0012851278232,0.006427830588,0.00636768693,0.010865823126,0.0004732132498
3.80693196e-05,0.00615267486,0.000952463772,0.000255488337,0.00195998049,0.000137361744,6.73891569e-05,0.000122828238,6.73891569e-05,0.000122194332,0.000339437709,0.00196135992,0.0005744115,0.000545975235,0.000349649703,0.00550573272,0.00699516963,0.00711005193,0.00615995109,0.02512463101,0.00649048779,0.0065056194,0.00083960955,0.0061931943,0.00711095751,0.00649834317,3.89547873e-05,0.00206454978,0.000196115985,0.000950423058,0.00710837766,0.00650545092,7.33332366e-05,0.006844419718,0.00188308629,0.00718351974,0.000337892958,0.000551285514,0.00650490336,0.00698569263,0.00828177768,0.0033822108,0.00185518593,0.000495907191,0.00697369896,0.00689728275,0.00360377667,0.000951768792,0.00227117358,2.91759975e-05,6.31074483e-05,0.00615429648,0.00609687639,0.00650055447,9.26204058e-05,8.87660046e-05,0.00650893635,0.00621153756,0.00711253701,0.00696989763,0.00619059339,3.83226714e-05,0.000998434593,0.000615418479,0.000148002309,0.00622614267,6.07924278e-05,0.0066830499,0.00189157347,0.000248787045,8.32590252e-05,8.54291529e-05,7.72509231e-05,0.008620247406,0.0072998766464,0.006266060557,0.00650998191029,0.02530653139,0.002278480438,0.007515876434,0.0073711614722,0.0001575950172,9.74520963e-05,0.004595591346,0.0066580651762
5.53802184e-05,0.00617983173,0.000979614324,0.000282638889,0.00198712683,0.000164513349,9.45399195e-05,0.00014997879,9.45399195e-05,0.000136888947,0.000354132324,0.00198851679,0.000589106115,0.00057312684,0.000376800255,0.00553288959,0.00702231597,0.0071372088,0.00618709743,0.02515179841,0.00651763413,0.00653277627,0.000866760102,0.00622034064,0.00713811438,0.00652550004,6.61055499e-05,0.00209170665,0.0002108106,0.00097757361,0.00713553453,0.00653260779,8.8027641e-05,0.006871566058,0.00191023263,0.00721066608,0.000352587573,0.000578436066,0.00653206023,0.0070128495,0.00830892402,0.00340935714,0.00188233227,0.000523057743,0.00700085583,0.00692442909,0.00363093354,0.000978919344,0.00229831992,5.63267601e-05,9.02583162e-05,0.00618145335,0.00612402273,0.00652771134,0.000107314389,0.000103460409,0.00653608269,0.0062386839,0.00713969388,0.00699704397,0.00621773973,5.44189347e-05,0.001025585145,0.000630112041,0.000175152861,0.00625328901,8.79431904e-05,0.00671019624,0.00191871981,0.00026348166,9.79534296e-05,0.0001001235573,0.0001044016857,0.008647404276,0.0073270229864,0.006293217427,0.00653713878029,0.02533369879,0.002305637308,0.007543033304,0.0073983078122,0.000172289211,0.000112146606,0.004610280696,0.0066852220462
