0.0454920304066,0.0424180912,0.0424180912,0.0981666741352,0.0564010598792,0.0564010598792,0.0433316461448,0.0394300845832,0.0394300845832,0.0589160542896,0.0621261747472,0.0621261747472,0.0411141004408,0.0380401883392,0.0380401883392,0.0672398163768,0.0822248842216,0.0822248842216,0.0320704903849,0.0374047178777,0.0374047178777,0.163890155946,0.154161557544,0.154161557544,0.052413966152,0.052987445112,0.052987445112,0.0162960942056,0.0356669755112,0.0356669755112,0.0715350858872,0.0748511368656,0.0748511368656,0.132146390654,0.168426264894,0.168426264894,0.132915079146,0.125566494605,0.125566494605,0.104618880293,0.0911969180824,0.0911969180824,0.0506167042461,0.0515200502936,0.0515200502936,0.0463348400576,0.0355822814152,0.0355822814152,0.0695088546232,0.081828907128,0.081828907128,0.10758282817,0.116637873471,0.116637873471,0.0983767246973,0.0986002172312,0.0986002172312,0.00406165967064,0.0219272546768,0.0219272546768,0.0498737160428,0.0438200948608,0.0438200948608,0.0200403988576,0.0315300228584,0.0315300228584,0.0873941359416,0.0898313064208,0.0898313064208,0.0110182799452,0.0107233223231,0.0107233223231,0.124994330318,0.147262852065,0.147262852065,0.0548277540712,0.0524006604704,0.0524006604704,0.0347940133992,0.036396231784,0.036396231784,0.0462000819193,0.0494561537424,0.0494561537424,0.0955685021544,0.0558894892856,0.0558894892856,0.100301450888,0.0955145306128,0.0955145306128,0.0459623692552,0.0562834319336,0.0562834319336,0.0975213849808,0.111561931699,0.111561931699,0.151427940931,0.106569510546,0.106569510546,0.0356753245435,0.0357980443384,0.0357980443384,0.0163906219462,0.0193712512048,0.0193712512048,0.129262390369,0.10210075831,0.10210075831,0.126540672055,0.148411766452,0.148411766452,0.0466746994688,0.0462795546416,0.0462795546416,0.0299721446981,0.0251316310072,0.0251316310072,0.0823992249656,0.0896522347208,0.0896522347208,0.0549704288272,0.0363781067232,0.0363781067232,0.10912251752,0.109948495726,0.109948495726,0.0226430096288,0.0243047817848,0.0243047817848,0.0605562010871,0.0577259990848,0.0577259990848,0.0997559905024,0.131712375569,0.131712375569,0.0951769638512,0.0662960484288,0.0662960484288,0.14286859946,0.164124052698,0.164124052698,0.0483330660924,0.0425672594376,0.0425672594376,0.0708315293624,0.0720091930656,0.0720091930656,0.0261020534035,0.0175121378256,0.0175121378256,0.0558126000016,0.0485000129672,0.0485000129672,0.0838771425944,0.0734082852968,0.0734082852968,0.110262607379,0.104584929209,0.104584929209,0.0333883940488,0.0413765674336,0.0413765674336,0.0449300706432,0.030824625084,0.030824625084,0.0776186430376,0.0686198476752,0.0686198476752,0.0542837269976,0.051135789456,0.051135789456,0.0531517301064,0.0578094510832,0.0578094510832
0.0507151173238,0.0507151173238,0.0507151173238,0.103389820578,0.0646979664232,0.0646979664232,0.0485548255368,0.0477269911272,0.0477269911272,0.0641392336816,0.0704230812912,0.0704230812912,0.0463370948832,0.0463370948832,0.0463370948832,0.0724629957688,0.0905218363656,0.0905218363656,0.037293595797,0.0457017440015,0.0457017440015,0.169113335338,0.162423701688,0.162423701688,0.0576369605944,0.061284351656,0.061284351656,0.00273597792776,0.024974669236,0.024974669236,0.0767580803296,0.0831480890096,0.0831480890096,0.137369385096,0.176688409038,0.176688409038,0.120856088558,0.118294461282,0.118294461282,0.0925596267352,0.08392488476,0.08392488476,0.0385575431633,0.0442479614863,0.0442479614863,0.0342756234899,0.0169987547259,0.0169987547259,0.0747320340152,0.090125859272,0.090125859272,0.112805974613,0.124900017615,0.124900017615,0.0863175821094,0.091328091434,0.091328091434,0.0113732907024,0.0161860122037,0.0161860122037,0.05509695496,0.0521171209846,0.0521171209846,0.0252635432798,0.0257888173752,0.0257888173752,0.092617130384,0.0981284435144,0.0981284435144,0.0196049732779,0.0334124551466,0.0334124551466,0.13021736175,0.155524996209,0.155524996209,0.0600510094632,0.0666290519024,0.0666290519024,0.0351045437776,0.077158460104,0.077158460104,0.0514231688365,0.0577532538461,0.0577532538461,0.100791833546,0.0641863958296,0.0641863958296,0.0882424603005,0.0882424603005,0.0882424603005,0.0511855486472,0.0645803384776,0.0645803384776,0.102744531423,0.119824260793,0.119824260793,0.139368839374,0.0992972922736,0.0992972922736,0.0408984114607,0.0440949693774,0.0440949693774,0.0688089474019,0.0215839882192,0.0215839882192,0.117203136811,0.094828724988,0.094828724988,0.114481418498,0.14113973313,0.14113973313,0.051897938386,0.0545765437755,0.0545765437755,0.0351952501102,0.033428611531,0.033428611531,0.0876224823778,0.0984388343497,0.0984388343497,0.0601936677444,0.0662544094792,0.0662544094792,0.114345811922,0.11873488787,0.11873488787,0.0705429053868,0.0719092390518,0.0719092390518,0.0657793064993,0.0665124837036,0.0665124837036,0.104979169894,0.139974519713,0.139974519713,0.100400110294,0.0745931399224,0.0745931399224,0.148091593902,0.172386381791,0.172386381791,0.0535561715046,0.0508642485715,0.0508642485715,0.0760545792897,0.0803063301592,0.0803063301592,0.0313252804157,0.0297930839494,0.0297930839494,0.061035594444,0.0567969195112,0.0567969195112,0.0891001370368,0.0817053767904,0.0817053767904,0.115485601822,0.112881881353,0.112881881353,0.021329251461,0.0341045341112,0.0341045341112,0.0501531866856,0.0450532014656,0.0450532014656,0.06555938948,0.0613478143528,0.0613478143528,0.0595069063896,0.0594327416,0.0594327416,0.0583747245488,0.0661065425768,0.0661065425768
0.0384422296488,0.0384422296488,0.0384422296488,0.0911518148824,0.052425198328,0.052425198328,0.036281872492,0.035454223032,0.035454223032,0.0518662806368,0.058150313196,0.058150313196,0.034064326788,0.034064326788,0.034064326788,0.060189997124,0.0782490226704,0.0782490226704,0.025020753722,0.0334288563265,0.0334288563265,0.156875481642,0.150185695993,0.150185695993,0.0453641924992,0.0490115835608,0.0490115835608,0.0202719557568,0.0551610670048,0.0551610670048,0.0644852666344,0.0708752753144,0.0708752753144,0.125096571401,0.164450403342,0.164450403342,0.142288136883,0.139726509607,0.139726509607,0.11399174904,0.105356822115,0.105356822115,0.0599895914882,0.0656799543264,0.0656799543264,0.0557077088048,0.049742185448,0.049742185448,0.0624590353704,0.0778530455768,0.0778530455768,0.100567968918,0.11266201192,0.11266201192,0.107749630434,0.112760121264,0.112760121264,0.0080375397168,0.025903116228,0.025903116228,0.042824067285,0.0398442333096,0.0398442333096,0.0239180521712,0.0355058844096,0.0355058844096,0.0803443166888,0.0858554448696,0.0858554448696,0.0088952434868,0.00708353269008,0.00708353269008,0.117979471065,0.143286990514,0.143286990514,0.0587055923344,0.0484247989192,0.0484247989192,0.0321705033232,0.033772721708,0.033772721708,0.0391502811614,0.0454802921912,0.0454802921912,0.0885536429016,0.0519136277344,0.0519136277344,0.109674434646,0.109674434646,0.109674434646,0.0389125956024,0.0523075703824,0.0523075703824,0.090506525728,0.107586070148,0.107586070148,0.160800961678,0.120729414578,0.120729414578,0.0286255139008,0.0318221827872,0.0318221827872,0.013767167355,0.0167477041389,0.0167477041389,0.138635259116,0.116260662343,0.116260662343,0.135913540802,0.162571670485,0.162571670485,0.039135458711,0.0423036561005,0.0423036561005,0.0229224080352,0.021155769456,0.021155769456,0.0748600027027,0.0856763731696,0.0856763731696,0.0474311695744,0.0337545966472,0.0337545966472,0.101583410267,0.105972634174,0.105972634174,0.0200194995528,0.0216812717088,0.0216812717088,0.0530169788242,0.0537501560286,0.0537501560286,0.0927063561992,0.127736514018,0.127736514018,0.0881621045984,0.0623201868776,0.0623201868776,0.135853740207,0.160148191146,0.160148191146,0.0412833393144,0.0385913608965,0.0385913608965,0.0637817101096,0.0680333315144,0.0680333315144,0.0128218899494,0.0135362762744,0.0135362762744,0.0487628263488,0.044524151416,0.044524151416,0.0768273233416,0.0694324237456,0.0694324237456,0.103212788126,0.100609067658,0.100609067658,0.042761281291,0.055536656416,0.055536656416,0.0319489337024,0.0268487635328,0.0268487635328,0.0869915117848,0.082779751708,0.082779751708,0.0472339077448,0.0471599279048,0.0471599279048,0.0461019564536,0.053833589532,0.053833589532
0.0857657490496,0.06718756594,0.06718756594,0.0363821756144,0.0403852247568,0.0403852247568,0.0565283656432,0.0573562000528,0.0573562000528,0.081959490492,0.0878105560376,0.0878105560376,0.0504812535216,0.0504812535216,0.0504812535216,0.107513701474,0.122968726253,0.122968726253,0.0723443199976,0.0781486893736,0.0781486893736,0.167742206667,0.191924821822,0.191924821822,0.0524509667616,0.0488035757,0.0488035757,0.0655360597504,0.07275917264,0.07275917264,0.111808786035,0.115594978897,0.115594978897,0.172420090802,0.181122145171,0.181122145171,0.173188927254,0.167895280728,0.167895280728,0.04901626774,0.0274750028784,0.0274750028784,0.090890441384,0.0671518706672,0.0671518706672,0.0866085402056,0.0779109565688,0.0779109565688,0.109782739721,0.122572749159,0.122572749159,0.0815268933776,0.0780045282456,0.0780045282456,0.138650461835,0.140928892385,0.140928892385,0.0565222623064,0.0432497241616,0.0432497241616,0.0901475086656,0.084563936892,0.084563936892,0.0375366310176,0.0336467710304,0.0336467710304,0.12766783609,0.130575148452,0.130575148452,0.0546555659936,0.0543712984584,0.0543712984584,0.12884619609,0.0966951649224,0.0966951649224,0.0116832107471,0.0203061714328,0.0203061714328,0.112811361707,0.109115909991,0.109115909991,0.086473911532,0.0902001807232,0.0902001807232,0.0622209293816,0.0662679965288,0.0662679965288,0.140575298996,0.137843205766,0.137843205766,0.0700232132072,0.0621859739072,0.0621859739072,0.0704134568632,0.0718767780984,0.0718767780984,0.191701641079,0.148898185699,0.148898185699,0.0759491726512,0.0674740528704,0.0674740528704,0.103859616118,0.0769480961304,0.0769480961304,0.090432031668,0.144429433464,0.144429433464,0.166814372203,0.190740441606,0.190740441606,0.0869485845664,0.0870233966728,0.0870233966728,0.070245881836,0.0579062401632,0.0579062401632,0.122673110063,0.130396076752,0.130396076752,0.0952441289752,0.0987012993664,0.0987012993664,0.149396402618,0.150692337757,0.150692337757,0.105593703567,0.103866670444,0.103866670444,0.10082995672,0.098469841116,0.098469841116,0.106364145061,0.0930790303432,0.0930790303432,0.0618293910784,0.0698075619736,0.0698075619736,0.146720465232,0.169746820023,0.169746820023,0.0886068587152,0.0833111014688,0.0833111014688,0.11110522951,0.112753220046,0.112753220046,0.052711560748,0.0551795282104,0.0551795282104,0.0788593652968,0.0781944714848,0.0781944714848,0.0996131147616,0.093674198156,0.093674198156,0.176750731784,0.123922705236,0.123922705236,0.0736622791464,0.0837052425872,0.0837052425872,0.0367820366496,0.0457419200216,0.0457419200216,0.117892343186,0.110948522829,0.110948522829,0.0945576120952,0.0918796314872,0.0918796314872,0.0732583516104,0.0782875011336,0.0782875011336
0.0959940167784,0.0774156487192,0.0774156487192,0.0466102583936,0.050613307536,0.050613307536,0.066756633372,0.067584282832,0.067584282832,0.0921877582208,0.0980386388168,0.0980386388168,0.0607093363008,0.0607093363008,0.0607093363008,0.117741784254,0.133196809032,0.133196809032,0.0825724027768,0.0883767721528,0.0883767721528,0.177970289446,0.202152904601,0.202152904601,0.0626792344904,0.0590318434288,0.0590318434288,0.0757643274792,0.0829872554192,0.0829872554192,0.122036868814,0.125823246626,0.125823246626,0.182648173581,0.19135022795,0.19135022795,0.149420916601,0.146859363305,0.146859363305,0.036543266716,0.0150019463695,0.0150019463695,0.0665583674008,0.0546788696432,0.0546788696432,0.0968366229848,0.0920596951456,0.0920596951456,0.1200108225,0.132800831938,0.132800831938,0.0917549761568,0.0882326110248,0.0882326110248,0.0796256114896,0.0739467340216,0.0739467340216,0.0667503450856,0.0534778069408,0.0534778069408,0.100375591445,0.0947922046208,0.0947922046208,0.0477647137968,0.0438750387592,0.0438750387592,0.137895918869,0.140803416181,0.140803416181,0.0648836487728,0.0645993812376,0.0645993812376,0.139074278869,0.106923247702,0.106923247702,0.019044260312,0.030534254212,0.030534254212,0.123039444486,0.11934399277,0.11934399277,0.0967019943112,0.100428263502,0.100428263502,0.0724491971104,0.076496079308,0.076496079308,0.116807288343,0.116807288343,0.116807288343,0.080251480936,0.0724140566864,0.0724140566864,0.0806415396424,0.0821048608776,0.0821048608776,0.167933630426,0.0898185538448,0.0898185538448,0.0861772554304,0.0777021356496,0.0777021356496,0.114087698897,0.0871761789096,0.0871761789096,0.077959030644,0.0819709573672,0.0819709573672,0.104514279162,0.169704524182,0.169704524182,0.0971766673456,0.097251479452,0.097251479452,0.0804741495648,0.0681343229424,0.0681343229424,0.132901192842,0.0916257783608,0.0916257783608,0.105472396704,0.108929567095,0.108929567095,0.159624485397,0.156047734922,0.156047734922,0.115821786346,0.114094753223,0.114094753223,0.111058039499,0.108698108845,0.108698108845,0.11659241279,0.103307113122,0.103307113122,0.0720574738576,0.0800358297024,0.0800358297024,0.156948732961,0.179974902802,0.179974902802,0.0988349414944,0.093539184248,0.093539184248,0.12133331229,0.122981302826,0.122981302826,0.0629396435272,0.0654077959392,0.0654077959392,0.089087448076,0.088422554264,0.088422554264,0.109841197541,0.103902280935,0.103902280935,0.186978814563,0.134150788015,0.134150788015,0.0838903619256,0.097853981164,0.097853981164,0.0470101194288,0.0559701877504,0.0559701877504,0.0827479306368,0.0901717046056,0.0901717046056,0.104785694874,0.102107714266,0.102107714266,0.0834864343896,0.0885155839128,0.0885155839128
0.043236385085,0.0519310499741,0.0519310499741,0.0959110288136,0.0659140100432,0.0659140100432,0.0410760008232,0.0489428497976,0.0489428497976,0.056660408968,0.0716389399616,0.0716389399616,0.0388584551192,0.0475531385032,0.0475531385032,0.0649841710552,0.091737695036,0.091737695036,0.0298148450633,0.0469176581568,0.0469176581568,0.161634510624,0.163639745308,0.163639745308,0.0501583208304,0.0625002103264,0.0625002103264,0.0121148091337,0.0296109858088,0.0296109858088,0.0692794405656,0.0843641326296,0.0843641326296,0.129890560382,0.177904452658,0.177904452658,0.122072021208,0.119510375438,0.119510375438,0.0937756703552,0.0851407434304,0.0851407434304,0.0397734758135,0.0454638941366,0.0454638941366,0.0354915376452,0.0295261437531,0.0295261437531,0.0672532093016,0.091341902892,0.091341902892,0.105327182849,0.126115876286,0.126115876286,0.0875334962647,0.0925440240842,0.0925440240842,0.00287918440304,0.0158710985198,0.0158710985198,0.0476180707212,0.0533330536349,0.0533330536349,0.017784735041,0.0254738482064,0.0254738482064,0.08513849062,0.0993443021848,0.0993443021848,0.00924065535976,0.00895625835984,0.00895625835984,0.122738611016,0.156741039829,0.156741039829,0.0525721087496,0.0678449105728,0.0678449105728,0.070281831288,0.0783743187744,0.0783743187744,0.0439444365977,0.0589691495064,0.0589691495064,0.0933128568328,0.0654022545,0.0654022545,0.0894583744558,0.0894583744558,0.0894583744558,0.0437067239336,0.065796197148,0.065796197148,0.0952657396592,0.121040119463,0.121040119463,0.140584698044,0.100513335894,0.100513335894,0.033419660727,0.0453108095528,0.0453108095528,0.0233315769896,0.0263120397936,0.0263120397936,0.118419180431,0.0960445836584,0.0960445836584,0.115697462118,0.1423555918,0.1423555918,0.0444190541472,0.0557924764258,0.0557924764258,0.0277164993765,0.0346445441813,0.0346445441813,0.080143579644,0.0996547669999,0.0996547669999,0.0527147650106,0.0674704530992,0.0674704530992,0.106866909188,0.11995074654,0.11995074654,0.063064173148,0.073125153207,0.073125153207,0.0583005557655,0.0677283978589,0.0677283978589,0.0975003451808,0.141190563333,0.141190563333,0.0929213185296,0.0758089985928,0.0758089985928,0.140612954138,0.173602240462,0.173602240462,0.0460774207708,0.0520801812218,0.0520801812218,0.0685758285559,0.0815221888296,0.0815221888296,0.0238464080819,0.0310089981047,0.0310089981047,0.05355695468,0.0580129631312,0.0580129631312,0.0816214972728,0.0829212354608,0.0829212354608,0.108006962058,0.114097924973,0.114097924973,0.0225451656162,0.0353205777312,0.0353205777312,0.0426744253216,0.046269060136,0.046269060136,0.0667754331,0.0625636730232,0.0625636730232,0.052028081676,0.0606486002704,0.0606486002704,0.0508960847848,0.0673224012472,0.0673224012472
0.0292786313776,0.0292786313776,0.0292786313776,0.0232753523112,0.031075231792,0.031075231792,0.0149319799358,0.0149399882535,0.0149399882535,0.0431082377176,0.0490103493528,0.0490103493528,0.0065057871296,0.0065057871296,0.0065057871296,0.0463406018768,0.08505997664,0.08505997664,0.0318316152168,0.0402397548112,0.0402397548112,0.163686435612,0.156996649962,0.156996649962,0.0262787488656,0.0299261399272,0.0299261399272,0.0460225223192,0.0619720209744,0.0619720209744,0.0506356864376,0.0570258800672,0.0570258800672,0.13190752537,0.171261357312,0.171261357312,0.149099016873,0.146537463577,0.146537463577,0.12080270301,0.0692055510256,0.0692055510256,0.0668005639528,0.072490908296,0.072490908296,0.0625186627744,0.0565531394176,0.0565531394176,0.06926998934,0.0846639995464,0.0846639995464,0.107378922887,0.11947296589,0.11947296589,0.114560584404,0.119571075234,0.119571075234,0.0370086792752,0.0259976254736,0.0259976254736,0.0496350952344,0.0466551872792,0.0466551872792,0.018771459652,0.0256763680184,0.0256763680184,0.0871552706584,0.0926663988392,0.0926663988392,0.0199399712248,0.0219024714304,0.0219024714304,0.124790425034,0.150097944483,0.150097944483,0.041226190588,0.0251285473032,0.0251285473032,0.071809356276,0.0712069754288,0.0712069754288,0.0459611611512,0.0522912461608,0.0522912461608,0.0420675263184,0.0380206441208,0.0380206441208,0.116485388615,0.116485388615,0.116485388615,0.0288556516424,0.0384145867688,0.0384145867688,0.0973174796976,0.114397024118,0.114397024118,0.167611915648,0.127540368548,0.127540368548,0.0243121797688,0.0234985864784,0.0234985864784,0.0628576106864,0.070054184572,0.070054184572,0.145446213086,0.123071616313,0.123071616313,0.142724494772,0.169382624454,0.169382624454,0.0459463941856,0.04911464706,0.04911464706,0.0195095935056,0.0190699683064,0.0190699683064,0.0816709381774,0.0924873271392,0.0924873271392,0.054242123544,0.0607925497536,0.0607925497536,0.108394364237,0.112783588144,0.112783588144,0.0645915131864,0.0659579208312,0.0659579208312,0.0598279512888,0.0605610915032,0.0605610915032,0.0771687410032,0.0807543588984,0.0807543588984,0.094973058568,0.0484273882136,0.0484273882136,0.142664694177,0.166959145116,0.166959145116,0.048094293284,0.045402351856,0.045402351856,0.0705926640792,0.074844285484,0.074844285484,0.0149054581632,0.0172707970926,0.0172707970926,0.0400081125224,0.0361091900048,0.0361091900048,0.0607618619872,0.0606743808264,0.0606743808264,0.0876751729304,0.0850714524616,0.0850714524616,0.0495722167656,0.0623476103856,0.0623476103856,0.0086526820864,0.00355254890672,0.00355254890672,0.0938024657544,0.0895907056776,0.0895907056776,0.0355055145104,0.0337975049544,0.0337975049544,0.034407098836,0.0446938106384,0.0446938106384
0.0792439004632,0.0916886079072,0.0916886079072,0.0127866755456,0.00664472126912,0.00664472126912,0.0227880101152,0.0236156595752,0.0236156595752,0.04160441252,0.0475065241552,0.0475065241552,0.0312141289416,0.0312141289416,0.0312141289416,0.049075451612,0.0590057655352,0.0590057655352,0.0728509514112,0.0866751791,0.0866751791,0.136143752457,0.166966058251,0.166966058251,0.0120959072846,0.00844853471792,0.00844853471792,0.100367559164,0.128761765263,0.128761765263,0.0533705361728,0.0592471247632,0.0592471247632,0.156595082215,0.156163381601,0.156163381601,0.207462206667,0.217345750916,0.217345750916,0.0899948108136,0.068453545952,0.068453545952,0.125164328798,0.143299532585,0.143299532585,0.120882427619,0.127361763706,0.127361763706,0.0583221918136,0.0616980768624,0.0616980768624,0.0499284391672,0.0464060740352,0.0464060740352,0.172924349249,0.190379851522,0.190379851522,0.09135368572,0.11642729149,0.11642729149,0.0821181240792,0.091582923568,0.091582923568,0.0951455224192,0.0595909460696,0.0595909460696,0.111842827503,0.129798663128,0.129798663128,0.0803679585552,0.0947749812552,0.0947749812552,0.0972477418792,0.071736401352,0.071736401352,0.040474370464,0.0229172898856,0.0229172898856,0.116180001121,0.128022327718,0.128022327718,0.0762186642616,0.046887497844,0.046887497844,0.0222279827264,0.026274864924,0.026274864924,0.17484933841,0.187293860904,0.187293860904,0.0296681352352,0.0221928423024,0.0221928423024,0.0316696598064,0.0331329810416,0.0331329810416,0.225975680493,0.198349144837,0.198349144837,0.0340508859064,0.0291419536232,0.0291419536232,0.107228255531,0.126869536861,0.126869536861,0.20380997793,0.193880392602,0.193880392602,0.201088259617,0.240191856743,0.240191856743,0.0805349270304,0.0940421983992,0.0940421983992,0.0707525132496,0.0370899777336,0.0370899777336,0.126041716527,0.149302646478,0.149302646478,0.0888306563888,0.105720286042,0.105720286042,0.152765194031,0.169598755483,0.169598755483,0.108962158031,0.12277308817,0.12277308817,0.104198596134,0.117376443792,0.117376443792,0.0747656908504,0.0614805761328,0.0614805761328,0.0230855940216,0.0310639498664,0.0310639498664,0.115122011022,0.144787871503,0.144787871503,0.0371179051232,0.0406831785624,0.0406831785624,0.095280220924,0.111976549773,0.111976549773,0.0802433025248,0.0911555175832,0.0911555175832,0.0385042873248,0.0378393935128,0.0378393935128,0.0592580367896,0.0549304010992,0.0549304010992,0.0861713477328,0.083567627264,0.083567627264,0.10793598161,0.133156049725,0.133156049725,0.037358894452,0.0396145397736,0.0396145397736,0.152166230599,0.160399177966,0.160399177966,0.0383208173216,0.0366128077656,0.0366128077656,0.0329032736384,0.0382943695288,0.0382943695288
0.0697784268531,0.0697784268531,0.0697784268531,0.122487975097,0.0837613129424,0.0837613129424,0.0676179871064,0.0667903376464,0.0667903376464,0.0832023952512,0.0894864278104,0.0894864278104,0.0654004414024,0.0654004414024,0.0654004414024,0.091526342288,0.109585182885,0.109585182885,0.0563568868314,0.0647650350358,0.0647650350358,0.188211641857,0.181521856207,0.181521856207,0.0767003071136,0.0803476981752,0.0803476981752,0.0271259161895,0.0391036829872,0.0391036829872,0.0958214268488,0.102211435529,0.102211435529,0.156432731615,0.195786715557,0.195786715557,0.103170814087,0.100609168317,0.100609168317,0.0748744044544,0.0662396624792,0.0662396624792,0.0208722838926,0.0265627022156,0.0265627022156,0.0145447509583,0.01714251605,0.01714251605,0.0937951955848,0.109189205791,0.109189205791,0.131904129132,0.143998172134,0.143998172134,0.0686322891438,0.0736428169633,0.0736428169633,0.0333333052779,0.0364740084154,0.0364740084154,0.0741602644893,0.0711804305139,0.0711804305139,0.0449192728091,0.0460768505768,0.0460768505768,0.111680476903,0.117191605084,0.117191605084,0.0392606843122,0.048491826181,0.048491826181,0.149315631279,0.174623302728,0.174623302728,0.0797067759824,0.0817084784216,0.0817084784216,0.0501564507152,0.0957321816736,0.0957321816736,0.0704864783658,0.0768166373552,0.0768166373552,0.119889988066,0.0832497423488,0.0832497423488,0.0705571673348,0.0705571673348,0.0705571673348,0.0702488951664,0.0836436849968,0.0836436849968,0.121842685942,0.138922230362,0.138922230362,0.121683601893,0.0816120547928,0.0816120547928,0.05996172099,0.0631582604117,0.0631582604117,0.0873827984362,0.0517069013504,0.0517069013504,0.0995178993304,0.0771433025576,0.0771433025576,0.0967961810168,0.123454495649,0.123454495649,0.0704716559153,0.0736398533048,0.0736398533048,0.0542585411446,0.0524919210603,0.0524919210603,0.106196181412,0.0451164504776,0.0451164504776,0.0787673667787,0.0853177559984,0.0853177559984,0.105408574956,0.109797706389,0.109797706389,0.0891167749161,0.0904830900861,0.0904830900861,0.0843531760286,0.0850863347379,0.0850863347379,0.124042516414,0.159072674232,0.159072674232,0.119498264813,0.0936564864416,0.0936564864416,0.167189900422,0.191484351361,0.191484351361,0.0726194625389,0.0699275581008,0.0699275581008,0.095117870324,0.0993694917288,0.0993694917288,0.046404669945,0.0448724549838,0.0448724549838,0.0800989409632,0.0758602660304,0.0758602660304,0.108163483556,0.10076853836,0.10076853836,0.134548948341,0.131945227872,0.131945227872,0.00701474993384,0.0177058540366,0.0177058540366,0.0652326132048,0.0601324430352,0.0601324430352,0.0478741671992,0.0436623767224,0.0436623767224,0.0785700679592,0.0784960881192,0.0784960881192,0.077438071068,0.0851697041464,0.0851697041464
0.0949965857616,0.0949965857616,0.0949965857616,0.147705986046,0.108979323891,0.108979323891,0.0928361830048,0.0920083485952,0.0920083485952,0.10842059115,0.114704438759,0.114704438759,0.0906184523512,0.0906184523512,0.0906184523512,0.116744353237,0.134803193834,0.134803193834,0.08157497176,0.0899831569544,0.0899831569544,0.213429652806,0.206739748106,0.206739748106,0.101918318062,0.105565709124,0.105565709124,0.0512885706232,0.0643218788856,0.0643218788856,0.121039437798,0.127429631427,0.127429631427,0.181650742564,0.221004911455,0.221004911455,0.105835139016,0.0707150208016,0.0707150208016,0.0435530415056,0.0349182995304,0.0349182995304,0.0205356938864,0.0268511678776,0.0268511678776,0.041808375168,0.0484739175608,0.0484739175608,0.119013391483,0.13440721674,0.13440721674,0.157122140081,0.169216335083,0.169216335083,0.0336027530256,0.0293298624168,0.0293298624168,0.0585514641864,0.061692093344,0.061692093344,0.099378312428,0.0963985894224,0.0963985894224,0.0701374317176,0.0712948615256,0.0712948615256,0.136898487852,0.142409800982,0.142409800982,0.064478713756,0.0737099111096,0.0737099111096,0.174533642228,0.199841313677,0.199841313677,0.0689643767472,0.10692648937,0.10692648937,0.0743192346136,0.120950377572,0.120950377572,0.0957045632944,0.102034648304,0.102034648304,0.145107999014,0.108467753298,0.108467753298,0.0732215107584,0.0732215107584,0.0732215107584,0.0954669061152,0.108861695946,0.108861695946,0.147060696891,0.164140578261,0.164140578261,0.124347852842,0.04520168224,0.04520168224,0.0851798244136,0.0883763083504,0.0883763083504,0.11260082788,0.0730517750048,0.0730517750048,0.0333421590392,0.0373540857624,0.0373540857624,0.0598974075568,0.0935603666288,0.0935603666288,0.0956897963288,0.0988578642536,0.0988578642536,0.079476718548,0.0777100799688,0.0777100799688,0.111901929826,0.048040000776,0.048040000776,0.103985525687,0.110535951897,0.110535951897,0.10807291838,0.0518852059352,0.0518852059352,0.11433491533,0.115701138025,0.115701138025,0.109571168482,0.110304493646,0.110304493646,0.149260527362,0.184290837181,0.184290837181,0.144716275762,0.11887449739,0.11887449739,0.19240809632,0.216702243259,0.216702243259,0.0978375104776,0.0951455690496,0.0951455690496,0.120335881273,0.124587687627,0.124587687627,0.0716227548736,0.0700906323872,0.0700906323872,0.105316951912,0.101078276979,0.101078276979,0.133381494505,0.125986734258,0.125986734258,0.15976695929,0.157163238821,0.157163238821,0.0360344336056,0.0542682035792,0.0542682035792,0.0904506241536,0.0853506389336,0.0853506389336,0.0367252571224,0.0446880772008,0.0446880772008,0.103788263858,0.103714099068,0.103714099068,0.102656082017,0.110387900045,0.110387900045
0.0687428752254,0.0722391991326,0.0722391991326,0.140216253871,0.102210071717,0.102210071717,0.0860667458808,0.0852390964208,0.0852390964208,0.0972425257696,0.104617760969,0.104617760969,0.0838492001768,0.0838492001768,0.0838492001768,0.0941479490624,0.0952356400808,0.0952356400808,0.0748056456058,0.0672258258102,0.0672258258102,0.201988832631,0.195299046982,0.195299046982,0.095149065888,0.0987964569496,0.0987964569496,0.0358402732864,0.114724145994,0.114724145994,0.0984430336232,0.104833042303,0.104833042303,0.15905433839,0.209563754331,0.209563754331,0.127928010367,0.125366383091,0.125366383091,0.157536764029,0.148901837104,0.148901837104,0.103534624972,0.109224969315,0.109224969315,0.0270013469528,0.0264466831024,0.0264466831024,0.0945520663592,0.111810812566,0.111810812566,0.149632407906,0.161726450909,0.161726450909,0.0825287999182,0.0951369922528,0.0951369922528,0.0897607738944,0.10238985717,0.10238985717,0.0700692287687,0.0670893947934,0.0670893947934,0.0935526105936,0.111992625351,0.111992625351,0.114302083678,0.119813211858,0.119813211858,0.0782506097397,0.0802130729554,0.0802130729554,0.163092822054,0.188400341502,0.188400341502,0.128340150757,0.113429725196,0.113429725196,0.0270547973872,0.02746039186,0.02746039186,0.0712433306452,0.07757332318,0.07757332318,0.13761808189,0.101698501123,0.101698501123,0.0844535261092,0.0844535261092,0.0844535261092,0.0886974689912,0.102092443771,0.102092443771,0.139570964717,0.156650509137,0.156650509137,0.146440816667,0.103106285567,0.103106285567,0.0784104612694,0.081607056176,0.081607056176,0.0475062692106,0.0547028615912,0.0547028615912,0.119016826105,0.098637533332,0.098637533332,0.112343193739,0.148211710423,0.148211710423,0.0634605666897,0.0695488175842,0.0695488175842,0.072707299919,0.0709406613398,0.0709406613398,0.00976456209168,0.0114545205667,0.0114545205667,0.0717562405632,0.0565747364928,0.0565747364928,0.022660024992,0.0270490639496,0.0270490639496,0.0492401902056,0.0506065978504,0.0506065978504,0.044476628308,0.0452098055123,0.0452098055123,0.126664123188,0.130867287798,0.130867287798,0.137226543587,0.112105245216,0.112105245216,0.180967091196,0.205261542135,0.205261542135,0.0752411063032,0.0725491648752,0.0725491648752,0.0977394770984,0.101991098503,0.101991098503,0.0781258982244,0.0765937017582,0.0765937017582,0.0941390714816,0.0887304053792,0.0887304053792,0.11078509033,0.114808668878,0.114808668878,0.137170555115,0.134566834646,0.134566834646,0.10581872527,0.118594063405,0.118594063405,0.0969538599792,0.0918536898096,0.0918536898096,0.0442323613864,0.0399169323696,0.0399169323696,0.0811916747336,0.0811176948936,0.0811176948936,0.0958868298424,0.100301222254,0.100301222254
0.035102130712,0.035102130712,0.035102130712,0.0193681070616,0.0271678015928,0.0271678015928,0.0110246422114,0.0110326505291,0.0110326505291,0.039200992468,0.0451031041032,0.0451031041032,0.0025984494052,0.0025984494052,0.0025984494052,0.0424333566272,0.0749089389336,0.0749089389336,0.0214928080664,0.0300887019048,0.0300887019048,0.155250228956,0.148560628256,0.148560628256,0.0223713186664,0.026018709728,0.026018709728,0.0509471486128,0.066896647268,0.066896647268,0.046728441188,0.053118449868,0.053118449868,0.121756302714,0.162825335606,0.162825335606,0.158007563166,0.15544600987,0.15544600987,0.129711249303,0.0731127962752,0.0731127962752,0.0757091102464,0.0813994545896,0.0813994545896,0.071427209068,0.0654616857112,0.0654616857112,0.0591189364336,0.07451296184,0.07451296184,0.0989429011808,0.111036944183,0.111036944183,0.123469130698,0.128479621527,0.128479621527,0.0419334271688,0.0299048707232,0.0299048707232,0.0394838725784,0.0365041495728,0.0365041495728,0.0226788898512,0.029583613268,0.029583613268,0.077004232952,0.0825153611328,0.0825153611328,0.0309126006544,0.03287510086,0.03287510086,0.116354403328,0.141661922777,0.141661922777,0.0451336207872,0.0290357925528,0.0290357925528,0.06744522962,0.0668430337224,0.0668430337224,0.0358101082448,0.0421401932544,0.0421401932544,0.0381602810688,0.0341133988712,0.0341133988712,0.125393934909,0.125393934909,0.125393934909,0.0249484063928,0.0345073415192,0.0345073415192,0.0888814579912,0.105961002411,0.105961002411,0.176520276992,0.136448914842,0.136448914842,0.0204047495696,0.0195911562792,0.0195911562792,0.05849366898,0.0656902428656,0.0656902428656,0.154354759379,0.131980162606,0.131980162606,0.151633041066,0.178291170748,0.178291170748,0.0364611164792,0.0389636093536,0.0389636093536,0.0156022372862,0.0151626675719,0.0151626675719,0.077306977976,0.0881233854328,0.0881233854328,0.0447568458376,0.0506415120472,0.0506415120472,0.10403042253,0.108419461488,0.108419461488,0.06022757148,0.0615937941752,0.0615937941752,0.0554640095824,0.0561971497968,0.0561971497968,0.073261310804,0.0768471136488,0.0768471136488,0.0865370368616,0.0445199580144,0.0445199580144,0.13422867247,0.15852312341,0.15852312341,0.0379432403776,0.0352512989496,0.0352512989496,0.0604416263728,0.0646932477776,0.0646932477776,0.0188128883624,0.0181724448875,0.0181724448875,0.0361008672728,0.0322017598056,0.0322017598056,0.056854431788,0.0567671355768,0.0567671355768,0.0837677427312,0.0811640222624,0.0811640222624,0.0584807630592,0.0712561566792,0.0712561566792,0.0125600198108,0.00745988663112,0.00745988663112,0.102711012048,0.0984992519712,0.0984992519712,0.0315982692608,0.0298902597048,0.0298902597048,0.0304998535864,0.0407865653888,0.0407865653888
0.0761624551776,0.091778863312,0.091778863312,0.0374306548968,0.0347448168056,0.0347448168056,0.0810305324208,0.0517157921016,0.0517157921016,0.0366738411336,0.0365223674112,0.0365223674112,0.0788129867168,0.0944293948512,0.0944293948512,0.0457559761912,0.058378416492,0.058378416492,0.0697695061256,0.0867654345048,0.0867654345048,0.133062307171,0.167056313656,0.167056313656,0.0411191047696,0.037471713708,0.037471713708,0.0972861138784,0.128852020668,0.128852020668,0.0451530404952,0.0508226704832,0.0508226704832,0.0899509777584,0.086960527676,0.086960527676,0.204380576432,0.21743619127,0.21743619127,0.176085022569,0.0885009728944,0.0885009728944,0.122082883512,0.14338978799,0.14338978799,0.117800982334,0.127452019111,0.127452019111,0.107349476971,0.0610707278192,0.0610707278192,0.0323887438512,0.0288663787192,0.0288663787192,0.169842903963,0.190470106927,0.190470106927,0.0882722404344,0.116517546894,0.116517546894,0.0790366787936,0.0916731789728,0.0916731789728,0.0920640771336,0.126120315076,0.126120315076,0.108761382218,0.129888918533,0.129888918533,0.0772865132696,0.09486523666,0.09486523666,0.0941662965936,0.0572859192048,0.0572859192048,0.0605217974064,0.042964716828,0.042964716828,0.113098555835,0.128112583122,0.128112583122,0.073137218976,0.0950835271704,0.0950835271704,0.0273066987424,0.026292435136,0.026292435136,0.171767708174,0.187384116309,0.187384116309,0.0410240406752,0.0272715583184,0.0272715583184,0.00819445095744,0.0096576982128,0.0096576982128,0.222894235207,0.198439400242,0.198439400242,0.0733741738296,0.0452068608288,0.0452068608288,0.104146810246,0.126959792266,0.126959792266,0.200728532645,0.193970648006,0.193970648006,0.198006814331,0.240282112148,0.240282112148,0.0774534817448,0.0941326387536,0.0941326387536,0.067671086459,0.0815208375192,0.0815208375192,0.122960308232,0.149393086833,0.149393086833,0.0857492111032,0.105810541447,0.105810541447,0.149683563796,0.169689195838,0.169689195838,0.105880712746,0.122863528525,0.122863528525,0.101117150848,0.117466699197,0.117466699197,0.0565313248368,0.0398444321264,0.0398444321264,0.00961593659312,0.0144604139407,0.0144604139407,0.112040565736,0.144878311858,0.144878311858,0.0759266288432,0.0888510955496,0.0888510955496,0.0921987756384,0.112066805178,0.112066805178,0.0771616722896,0.0912459579376,0.0912459579376,0.035184811904,0.0366488729376,0.0366488729376,0.0446951052856,0.0314551182704,0.0314551182704,0.0677818090048,0.065178088536,0.065178088536,0.104854536325,0.133246490079,0.133246490079,0.0959897265192,0.106505964484,0.106505964484,0.149084785314,0.160489433371,0.160489433371,0.0818771972736,0.046405704136,0.046405704136,0.0353645829152,0.0250778711128,0.0250778711128
0.0397569422448,0.0397569422448,0.0397569422448,0.02685005818,0.0207080669136,0.0207080669136,0.0113071897154,0.0104794292856,0.0104794292856,0.0246726465392,0.0305747581744,0.0305747581744,0.0150019463695,0.0150019463695,0.0150019463695,0.0321436856312,0.0420739995544,0.0420739995544,0.0263355283928,0.0347436983872,0.0347436983872,0.159905225438,0.153215439789,0.153215439789,0.00483584020128,0.00848323126288,0.00848323126288,0.0556019601456,0.0715516437504,0.0715516437504,0.036438770192,0.0423153587824,0.0423153587824,0.0916059067792,0.0886154566968,0.0886154566968,0.162662559649,0.160100821403,0.160100821403,0.134366060836,0.0825169285864,0.0825169285864,0.0803639217792,0.086054451072,0.086054451072,0.0760820206008,0.0701166821936,0.0701166821936,0.0413904258328,0.0447663108816,0.0447663108816,0.103597712714,0.0624117973688,0.0624117973688,0.12812394223,0.13313443306,0.13313443306,0.0465882387016,0.0592171699768,0.0592171699768,0.0441388690608,0.0411589611056,0.0411589611056,0.0503800754008,0.0471841570024,0.0471841570024,0.0552816203896,0.0607927485704,0.0607927485704,0.0355675971368,0.0375300973424,0.0375300973424,0.121009214861,0.14631673431,0.14631673431,0.0545377530984,0.03698067252,0.03698067252,0.0721002261024,0.0714978452552,0.0714978452552,0.0299416756936,0.0299557318632,0.0299557318632,0.020559922284,0.0165129291166,0.0165129291166,0.130048931391,0.130048931391,0.130048931391,0.0127364062443,0.0169068532697,0.0169068532697,0.0440265124816,0.0454898337168,0.0454898337168,0.181175273474,0.141103726374,0.141103726374,0.0171192124004,0.0122101321575,0.0122101321575,0.0631484805128,0.0703450543984,0.0703450543984,0.159009570912,0.136634974139,0.136634974139,0.156287852598,0.18294616723,0.18294616723,0.041115928012,0.0436184208864,0.0436184208864,0.0212514488384,0.0202231290624,0.0202231290624,0.0819617895088,0.0927781969656,0.0927781969656,0.0494116573704,0.05529632358,0.05529632358,0.108685419013,0.11307445797,0.11307445797,0.0648823830128,0.0662487906576,0.0662487906576,0.0601188211152,0.0608519613296,0.0608519613296,0.0587329648752,0.06231876772,0.06231876772,0.0348979550744,0.0269195992296,0.0269195992296,0.138883484003,0.163178119892,0.163178119892,0.0201861391424,0.0237514125816,0.0237514125816,0.0650964379056,0.06934824426,0.06934824426,0.0354429411064,0.0339106336704,0.0339106336704,0.021572521344,0.020907627532,0.020907627532,0.0423262708088,0.042238789648,0.042238789648,0.069239581752,0.0666358612832,0.0666358612832,0.063135574592,0.075910968212,0.075910968212,0.0301604710704,0.0250603009008,0.0250603009008,0.107365823581,0.103154063504,0.103154063504,0.0213890513408,0.0196810417848,0.0196810417848,0.0159715261526,0.02420990264,0.02420990264
0.0857110331264,0.101327256311,0.101327256311,0.0469792328456,0.0442933947544,0.0442933947544,0.0905791103696,0.0612643700504,0.0612643700504,0.042133368376,0.0440113466144,0.0440113466144,0.0883615646656,0.10397778785,0.10397778785,0.0492413514032,0.0663332837376,0.0663332837376,0.0793178991248,0.0963140124536,0.0963140124536,0.14261070017,0.176604891605,0.176604891605,0.0530113640496,0.049363972988,0.049363972988,0.106834691827,0.138400598617,0.138400598617,0.0449919493936,0.0506615793816,0.0506615793816,0.0757004261288,0.0727099760464,0.0727099760464,0.213929154381,0.22698458427,0.22698458427,0.185633600518,0.0980495508432,0.0980495508432,0.131631461461,0.152938365938,0.152938365938,0.127349375333,0.13700059706,0.13700059706,0.0656498949656,0.0690257800144,0.0690257800144,0.0112705511996,0.0077481860676,0.0077481860676,0.179391481912,0.200018684876,0.200018684876,0.0978208183832,0.126066124843,0.126066124843,0.0885850717928,0.101221571972,0.101221571972,0.101612655082,0.135668893025,0.135668893025,0.118309960166,0.139437496482,0.139437496482,0.0868349062688,0.104413814609,0.104413814609,0.0432095900984,0.0336046025216,0.0336046025216,0.0700703753552,0.0525132947768,0.0525132947768,0.122646948834,0.137661161071,0.137661161071,0.0826856119752,0.104632105119,0.104632105119,0.0433708661496,0.0474179332968,0.0474179332968,0.181316286123,0.196932694258,0.196932694258,0.09320983348,0.0433359106752,0.0433359106752,0.025307578516,0.0238442572808,0.0238442572808,0.232442628206,0.20798797819,0.20798797819,0.0829227517784,0.10173564385,0.10173564385,0.113695203245,0.136508370214,0.136508370214,0.210277110594,0.203519225955,0.203519225955,0.20755539228,0.249830690097,0.249830690097,0.0870020596936,0.103681031753,0.103681031753,0.0772196459128,0.0910692305184,0.0910692305184,0.13250884919,0.158941479832,0.158941479832,0.095297789052,0.115358934446,0.115358934446,0.159232141745,0.179237588837,0.179237588837,0.115429290694,0.132411921524,0.132411921524,0.110665728797,0.127015277146,0.127015277146,0.0361078953576,0.02282278064,0.02282278064,0.0297062348528,0.0376845906976,0.0376845906976,0.0559949709968,0.076432271696,0.076432271696,0.0854750218424,0.0983994885488,0.0983994885488,0.101747353587,0.121615383126,0.121615383126,0.0867102502384,0.100794350937,0.100794350937,0.0485720188008,0.0500370045824,0.0500370045824,0.0373183904896,0.0239585561336,0.0239585561336,0.053632609756,0.0576817113488,0.0576817113488,0.114403114274,0.142794883078,0.142794883078,0.105538304468,0.116054542433,0.116054542433,0.158633178313,0.17003801132,0.17003801132,0.0914257752224,0.0597938357808,0.0597938357808,0.050225838124,0.0483019923848,0.0483019923848
0.0497014972872,0.0497014972872,0.0497014972872,0.0414405471744,0.035298555908,0.035298555908,0.0264442787576,0.0256166292976,0.0256166292976,0.015216265966,0.020605234936,0.020605234936,0.0301390169168,0.0301390169168,0.0301390169168,0.0238388937424,0.0364613340432,0.0364613340432,0.0361176976864,0.0446882534296,0.0446882534296,0.145729875174,0.163159994831,0.163159994831,0.0199728922536,0.0236202833152,0.0236202833152,0.065546515188,0.0814961987928,0.0814961987928,0.0271892557464,0.0328588857344,0.0328588857344,0.0818527745728,0.0788623244904,0.0788623244904,0.172607114691,0.170045376446,0.170045376446,0.144310615878,0.135675873903,0.135675873903,0.0903084768216,0.0959990061144,0.0959990061144,0.0860265756432,0.080061237236,0.080061237236,0.0357779452712,0.03915383032,0.03915383032,0.0585043671696,0.0514146941528,0.0514146941528,0.138068497273,0.143079173052,0.143079173052,0.056532793744,0.0691617250192,0.0691617250192,0.0540834241032,0.051103516148,0.051103516148,0.0603246304432,0.0787644932008,0.0787644932008,0.0496689548784,0.0551802680088,0.0551802680088,0.0455121521792,0.0474746523848,0.0474746523848,0.106833864597,0.0827747483288,0.0827747483288,0.0658979123792,0.0483408318008,0.0483408318008,0.0820447811448,0.0814425852472,0.0814425852472,0.0348160224016,0.0348302635208,0.0348302635208,0.00642601836712,0.00237906218968,0.00237906218968,0.139993486434,0.139993486434,0.139993486434,0.0147810795572,0.007549180298,0.007549180298,0.0298926640496,0.0313559852848,0.0313559852848,0.191119828517,0.151048281417,0.151048281417,0.0228566264168,0.0189639921856,0.0189639921856,0.0730930355552,0.0802897943904,0.0802897943904,0.168954125954,0.146579714131,0.146579714131,0.166232407641,0.192890722273,0.192890722273,0.051060668004,0.0535629759288,0.0535629759288,0.031369301656,0.0301676841048,0.0301676841048,0.0919065295008,0.102722752008,0.102722752008,0.0593562124128,0.0652408786224,0.0652408786224,0.118629974055,0.123019013013,0.123019013013,0.0748271230048,0.0761933457,0.0761933457,0.0700633761576,0.070796516372,0.070796516372,0.0489798326688,0.0525656355136,0.0525656355136,0.0207641066424,0.0127857692926,0.0127857692926,0.124708318689,0.0945412418808,0.0945412418808,0.0250604858504,0.0286259442392,0.0286259442392,0.0467225228008,0.0792927993024,0.0792927993024,0.0453874961488,0.0438551887128,0.0438551887128,0.013267840425,0.0147317719938,0.0147317719938,0.0325729536528,0.0324856574416,0.0324856574416,0.059486264596,0.0568825441272,0.0568825441272,0.073080314584,0.0858555232544,0.0858555232544,0.0452974861328,0.0401975009128,0.0401975009128,0.117310378623,0.113098803496,0.113098803496,0.025228974936,0.02352096538,0.02352096538,0.0124142425361,0.0110822170219,0.0110822170219
0.126970111952,0.126572748194,0.126572748194,0.122097385186,0.0712843845296,0.0712843845296,0.135789462145,0.134564111978,0.134564111978,0.0691243581512,0.0710023363896,0.0710023363896,0.133571731491,0.133174215734,0.133174215734,0.068138206884,0.157076381216,0.157076381216,0.1245282509,0.121559504337,0.121559504337,0.077024110416,0.111097382538,0.111097382538,0.128129701339,0.0763549627632,0.0763549627632,0.152044706653,0.1675970265,0.1675970265,0.0638431223232,0.0695127523112,0.0695127523112,0.08058254072,0.0775920906376,0.0775920906376,0.259139658156,0.256181012153,0.256181012153,0.230843952293,0.22181166161,0.22181166161,0.176841628286,0.182134793822,0.182134793822,0.172559727108,0.166197024943,0.166197024943,0.158157318695,0.156680404122,0.156680404122,0.0245026778568,0.0347392683176,0.0347392683176,0.224601040738,0.22921492781,0.22921492781,0.143030985209,0.155262552726,0.155262552726,0.129844487568,0.126467063855,0.126467063855,0.146822821908,0.164865320908,0.164865320908,0.159569038992,0.164682803415,0.164682803415,0.132045258044,0.133610242492,0.133610242492,0.01909142246,0.00661363124136,0.00661363124136,0.145188527695,0.079504284552,0.079504284552,0.16390621261,0.162906468005,0.162906468005,0.12394487575,0.129877597002,0.129877597002,0.119499398154,0.074408923072,0.074408923072,0.226526789898,0.226129122141,0.226129122141,0.138420185255,0.0703269004504,0.0703269004504,0.0522985682912,0.050835247056,0.050835247056,0.277653131982,0.237184221124,0.237184221124,0.128133103554,0.130932071733,0.130932071733,0.15495446702,0.161753677148,0.161753677148,0.255486669419,0.232715468889,0.232715468889,0.252764951106,0.27902711798,0.27902711798,0.128261475469,0.128926523636,0.128926523636,0.122429812738,0.120265658402,0.120265658402,0.173768112966,0.184186819715,0.184186819715,0.136557204827,0.14060442633,0.14060442633,0.20049079752,0.20448368872,0.20448368872,0.15668855447,0.157657413407,0.157657413407,0.151924807622,0.152260584079,0.152260584079,0.0356220327584,0.0352512088104,0.0352512088104,0.056697224628,0.0646755804728,0.0646755804728,0.0502935296776,0.0707306454272,0.0707306454272,0.126734285618,0.123644980432,0.123644980432,0.143006432413,0.14686069006,0.14686069006,0.131920602014,0.12999077882,0.12999077882,0.075563008576,0.139826220936,0.139826220936,0.0520289117744,0.0509495459088,0.0509495459088,0.0585147243472,0.0629930939616,0.0629930939616,0.159613466049,0.171991310962,0.171991310962,0.150748471294,0.145250785366,0.145250785366,0.203843530088,0.199234254254,0.199234254254,0.132685038998,0.13221351045,0.13221351045,0.145609361157,0.07529298216,0.07529298216
0.042199571612,0.042199571612,0.042199571612,0.0344324369312,0.0282906306144,0.0282906306144,0.0188896424464,0.0180618265318,0.0180618265318,0.017090286283,0.0229923794232,0.0229923794232,0.0225843806056,0.0225843806056,0.0225843806056,0.02456130688,0.0371835622312,0.0371835622312,0.0286155870616,0.0371861428048,0.0371861428048,0.162347669856,0.155658069156,0.155658069156,0.0124182374474,0.016065628509,0.016065628509,0.0580445895128,0.073994088168,0.073994088168,0.0288563914408,0.0347327950816,0.0347327950816,0.084023528028,0.0810330779456,0.0810330779456,0.165105004066,0.16254345077,0.16254345077,0.136808690203,0.128173763278,0.128173763278,0.0828063661968,0.0884968954896,0.0884968954896,0.0785244650184,0.0725591266112,0.0725591266112,0.0365001734592,0.039876058508,0.039876058508,0.0613677568768,0.0548294186176,0.0548294186176,0.130566571598,0.135577062427,0.135577062427,0.0490306831192,0.0616596143944,0.0616596143944,0.0465813134784,0.0436015904728,0.0436015904728,0.052822704768,0.071262382576,0.071262382576,0.050391368016,0.0559024961968,0.0559024961968,0.0380100415544,0.03997254176,0.03997254176,0.123451659278,0.148759178727,0.148759178727,0.0621201318496,0.0445630512712,0.0445630512712,0.07454267052,0.0739404746224,0.0739404746224,0.0273139117768,0.027328152896,0.027328152896,0.012977469553,0.00893051337552,0.00893051337552,0.132491375809,0.132491375809,0.132491375809,0.00727900592232,0.00932445602352,0.00932445602352,0.0364441337304,0.0379074549656,0.0379074549656,0.183617717892,0.143546355742,0.143546355742,0.015354515792,0.0114619185507,0.0114619185507,0.0655909249304,0.0727876837656,0.0727876837656,0.16145201533,0.139077603506,0.139077603506,0.158730297016,0.185388611648,0.185388611648,0.0435585573792,0.046060865304,0.046060865304,0.0238671910312,0.02266557348,0.02266557348,0.084404418876,0.0952206413832,0.0952206413832,0.0518542867376,0.0577389529472,0.0577389529472,0.11112786343,0.115516902388,0.115516902388,0.06732501238,0.0686912350752,0.0686912350752,0.0625612655328,0.0632945906968,0.0632945906968,0.051150586124,0.0547363889688,0.0547363889688,0.0273155763232,0.0193372204784,0.0193372204784,0.14132611337,0.16562056431,0.16562056431,0.0175584677004,0.0211238336144,0.0211238336144,0.039220412176,0.0717906886776,0.0717906886776,0.037885385524,0.0363532630376,0.0363532630376,0.0139901240978,0.0154501717251,0.0154501717251,0.0347438920576,0.0346564108968,0.0346564108968,0.0616572030008,0.059053482532,0.059053482532,0.0655782039592,0.0783534126296,0.0783534126296,0.0377428498216,0.032642679652,0.032642679652,0.109808267998,0.105596692871,0.105596692871,0.0177268828062,0.0160188732502,0.0160188732502,0.00838911041144,0.016627449909,0.016627449909
0.0100743156818,0.0100743156818,0.0100743156818,0.0428313681664,0.0407421774848,0.0407421774848,0.0245988516488,0.0237712021888,0.0237712021888,0.0332265655392,0.0395105980984,0.0395105980984,0.022477849636,0.022477849636,0.022477849636,0.0322032394024,0.0553569628352,0.0553569628352,0.00285551085424,0.00602589840248,0.00602589840248,0.145139005807,0.138449557107,0.138449557107,0.03323544312,0.0368828341816,0.0368828341816,0.0427007453127,0.0586502994528,0.0586502994528,0.0364985089128,0.0428885175928,0.0428885175928,0.102204511566,0.152714264457,0.152714264457,0.149761252341,0.14719960657,0.14719960657,0.121464901488,0.112829974563,0.112829974563,0.0674627069463,0.0731531252694,0.0731531252694,0.063180768778,0.057215337896,0.057215337896,0.0395671756848,0.0549611706912,0.0549611706912,0.092782766032,0.104876624085,0.104876624085,0.115222727398,0.120233273712,0.120233273712,0.0336870053738,0.0463158256792,0.0463158256792,0.0197033161145,0.0167234821391,0.0167234821391,0.0374789160528,0.0559185938608,0.0559185938608,0.0574524418032,0.062963569984,0.062963569984,0.022666326819,0.0246287900347,0.0246287900347,0.106243087704,0.131550851628,0.131550851628,0.0722662712664,0.0578453313056,0.0578453313056,0.0523254544712,0.0517232585736,0.0517232585736,0.0162583844859,0.0225884325056,0.0225884325056,0.038684983084,0.0346379159368,0.0346379159368,0.117147605589,0.117147605589,0.117147605589,0.0209507207888,0.0350318585848,0.0350318585848,0.0827213228424,0.0998008672624,0.0998008672624,0.168273929177,0.128202567026,0.128202567026,0.013697348881,0.0181316080158,0.0181316080158,0.0433738013564,0.0505704677168,0.0505704677168,0.146108411564,0.123733814791,0.123733814791,0.14338669325,0.170044822933,0.170044822933,0.0166805772354,0.01918290493,0.01918290493,0.0110837336086,0.00931012242952,0.00931012242952,0.0621873363322,0.073003762284,0.073003762284,0.0249763250888,0.0227815368792,0.0227815368792,0.0889106658766,0.0932996863392,0.0932996863392,0.020064257356,0.0203235566952,0.0203235566952,0.0403441604538,0.0410773376581,0.0410773376581,0.0647195984776,0.0689227630872,0.0689227630872,0.0803767167632,0.0450446600296,0.0450446600296,0.124117449322,0.148412052261,0.148412052261,0.0148771238845,0.0113593270076,0.0113593270076,0.0408897612442,0.0451414566288,0.0451414566288,0.0225416337987,0.0210094188375,0.0210094188375,0.0301231112512,0.0249750391352,0.0249750391352,0.04884056562,0.050792708648,0.050792708648,0.0752260304048,0.072622309936,0.072622309936,0.050234396749,0.063009808864,0.063009808864,0.0413696510384,0.0362694808688,0.0362694808688,0.0944646642328,0.090252904156,0.090252904156,0.0208575061904,0.0191493116848,0.0191493116848,0.0278891050328,0.0351938744344,0.0351938744344
0.037286385488,0.037286385488,0.037286385488,0.0330713928248,0.0269294015584,0.0269294015584,0.0149151310273,0.0140873705975,0.0140873705975,0.0206340870736,0.0265361987088,0.0265361987088,0.0186098137016,0.0186098137016,0.0186098137016,0.0260028040624,0.0358526649096,0.0358526649096,0.0238647866864,0.0322729566808,0.0322729566808,0.157434483732,0.150744883032,0.150744883032,0.0110571748461,0.0147045659077,0.0147045659077,0.0531314033888,0.069080902044,0.069080902044,0.0302978886232,0.0366880822528,0.0366880822528,0.0875673473136,0.0845768972312,0.0845768972312,0.160191817942,0.157630264646,0.157630264646,0.131895504079,0.123260577154,0.123260577154,0.0778933650224,0.0835837093656,0.0835837093656,0.073611463844,0.0676459404872,0.0676459404872,0.035169091188,0.0385449762368,0.0385449762368,0.101127155957,0.0583732379032,0.0583732379032,0.125653385474,0.130663876303,0.130663876303,0.0441176819448,0.0567464282704,0.0567464282704,0.0416681273544,0.0386884043488,0.0386884043488,0.047909518644,0.066349196452,0.066349196452,0.0490602857448,0.0545714139256,0.0545714139256,0.0330968554304,0.035059355636,0.035059355636,0.118538658104,0.143846177553,0.143846177553,0.0607590877432,0.0432020071648,0.0432020071648,0.069629484396,0.0690272884984,0.0690272884984,0.024280183488,0.0242944246072,0.0242944246072,0.0206368613176,0.0165898311603,0.0165898311603,0.127578189685,0.127578189685,0.127578189685,0.00667730938864,0.0169837553134,0.0169837553134,0.0441034515152,0.0452283149824,0.0452283149824,0.178704531768,0.138633169618,0.138633169618,0.0114578496595,0.00654876941664,0.00654876941664,0.060677923756,0.0678744976416,0.0678744976416,0.156539014155,0.134164417382,0.134164417382,0.153817295842,0.180475425524,0.180475425524,0.0386453712552,0.0411478641296,0.0411478641296,0.0189540049072,0.0177525168207,0.0177525168207,0.079491232752,0.0903076402088,0.0903076402088,0.0469411006136,0.0528257668232,0.0528257668232,0.106214677306,0.110603716264,0.110603716264,0.062411826256,0.0637780489512,0.0637780489512,0.0576482643584,0.0583814045728,0.0583814045728,0.0546944054096,0.0582802082544,0.0582802082544,0.034974894108,0.0269965382632,0.0269965382632,0.136412927246,0.160707378186,0.160707378186,0.0145247209166,0.0180901423155,0.0180901423155,0.0361866838872,0.0668775025536,0.0668775025536,0.0329721994,0.0314400769136,0.0314400769136,0.0175338694036,0.0148484751914,0.0148484751914,0.0382875263936,0.0382002301824,0.0382002301824,0.0652008373368,0.062597116868,0.062597116868,0.0606650178352,0.0734404114552,0.0734404114552,0.0337682829176,0.0286682976976,0.0286682976976,0.104895266824,0.100683506747,0.100683506747,0.015167716696,0.013459688645,0.013459688645,0.0119328742122,0.0222196599944,0.0222196599944
0.123946185992,0.123087927831,0.123087927831,0.119073459226,0.127973733468,0.127973733468,0.132765351235,0.131079106665,0.131079106665,0.0579861383904,0.0598643015784,0.0598643015784,0.130547805531,0.12968939537,0.12968939537,0.0558333250464,0.074310899784,0.074310899784,0.12150413999,0.118074499024,0.118074499024,0.041792136364,0.0540298814968,0.0540298814968,0.12510559043,0.133044311702,0.133044311702,0.149020780693,0.164112021187,0.164112021187,0.0515382404856,0.0572078704736,0.0572078704736,0.0468157373992,0.0324175959888,0.0324175959888,0.256115547246,0.25269619179,0.25269619179,0.227819841383,0.218326656298,0.218326656298,0.173817702326,0.178649788509,0.178649788509,0.169535801148,0.16271201963,0.16271201963,0.073627511012,0.153195583759,0.153195583759,0.0482503914464,0.046439919812,0.046439919812,0.221577114778,0.225730107446,0.225730107446,0.140007059249,0.151777547414,0.151777547414,0.126820561608,0.122982243492,0.122982243492,0.143798895948,0.161380315595,0.161380315595,0.156545113032,0.161197983052,0.161197983052,0.129021332084,0.130125237179,0.130125237179,0.0293951496256,0.055100184832,0.055100184832,0.142164416786,0.13497315108,0.13497315108,0.16088228665,0.159421647642,0.159421647642,0.12092094979,0.12639259169,0.12639259169,0.116475287245,0.0732343081624,0.0732343081624,0.223502678989,0.222644116828,0.222644116828,0.135396074346,0.131198329744,0.131198329744,0.118428170071,0.06649862868,0.06649862868,0.274629206022,0.233699400761,0.233699400761,0.125108992644,0.12744706642,0.12744706642,0.15193054106,0.158268856785,0.158268856785,0.252462743459,0.229230648526,0.229230648526,0.249741025146,0.275542112667,0.275542112667,0.125237364559,0.125441518323,0.125441518323,0.119405886778,0.116780838038,0.116780838038,0.170744002056,0.180701999352,0.180701999352,0.133533093918,0.137119605966,0.137119605966,0.19746668661,0.200998683407,0.200998683407,0.15366444356,0.154172408094,0.154172408094,0.148900881662,0.148775763716,0.148775763716,0.0338940486456,0.038043207972,0.038043207972,0.116083748942,0.0792941818064,0.0792941818064,0.0018770534904,0.0222440733416,0.0222440733416,0.123710359658,0.120159975119,0.120159975119,0.139982506453,0.143375869697,0.143375869697,0.128896491104,0.126505958457,0.126505958457,0.0644247888152,0.0658897745968,0.0658897745968,0.0397240299368,0.058123186044,0.058123186044,0.0373152463464,0.0450455847776,0.0450455847776,0.156589355139,0.168506305649,0.168506305649,0.147724545334,0.141765965003,0.141765965003,0.200819604128,0.19574943389,0.19574943389,0.129660928088,0.128728505138,0.128728505138,0.066078793088,0.0686765951696,0.0686765951696
0.0369548709808,0.0369548709808,0.0369548709808,0.046449167292,0.0403071760256,0.0403071760256,0.027833990052,0.027006340592,0.027006340592,0.00507368538688,0.0124500117887,0.0124500117887,0.0315289131608,0.0315289131608,0.0315289131608,0.0125446320041,0.02516701682,0.02516701682,0.0310084649864,0.0319414421736,0.0319414421736,0.163466570825,0.156777122125,0.156777122125,0.0244348013536,0.0280821924152,0.0280821924152,0.0618014707376,0.0777509693928,0.0777509693928,0.0168397720498,0.0227162496704,0.0227162496704,0.0720069826168,0.0690165325344,0.0690165325344,0.168861885291,0.166300331995,0.166300331995,0.140565571428,0.131930644503,0.131930644503,0.0865634323712,0.0922537767144,0.0922537767144,0.0822815311928,0.076316007836,0.076316007836,0.024483628048,0.0278595130968,0.0278595130968,0.0499765260632,0.0428128732064,0.0428128732064,0.134323452822,0.139333943652,0.139333943652,0.0527877492936,0.0654164956192,0.0654164956192,0.0398289096472,0.036849001692,0.036849001692,0.0565795859928,0.0750192638008,0.0750192638008,0.0383746376552,0.0438859507856,0.0438859507856,0.0417669227792,0.0437294229848,0.0437294229848,0.124570560247,0.0802030241408,0.0802030241408,0.0741366772608,0.0565795966824,0.0565795966824,0.0738907714888,0.0732885755912,0.0732885755912,0.0266832336408,0.025952127872,0.025952127872,0.0162785979734,0.012231641796,0.012231641796,0.136248257034,0.136248257034,0.136248257034,0.0104396466266,0.0188434050464,0.0188434050464,0.0326055047824,0.0311421835472,0.0311421835472,0.187374599117,0.147303236966,0.147303236966,0.0181670443592,0.016692644643,0.016692644643,0.0649390258992,0.0721357847344,0.0721357847344,0.165209081504,0.142834484731,0.142834484731,0.16248736319,0.189145492873,0.189145492873,0.038245912748,0.0393084614728,0.0393084614728,0.0282172056232,0.0270157730216,0.0270157730216,0.0837526718448,0.094568894352,0.094568894352,0.0465416421064,0.0509863641664,0.0509863641664,0.110475964399,0.114865003357,0.114865003357,0.0666731133488,0.068039336044,0.068039336044,0.0619093665016,0.0626426916656,0.0626426916656,0.0391340407128,0.0427198435576,0.0427198435576,0.0267292860912,0.0187509302464,0.0187509302464,0.0642581492256,0.0846954499248,0.0846954499248,0.0169277525745,0.0204931554784,0.0204931554784,0.037844387152,0.0634690216464,0.0634690216464,0.0416422667488,0.0401101442624,0.0401101442624,0.00197352320176,0.00343847199344,0.00343847199344,0.0227271616968,0.0226398654856,0.0226398654856,0.04964047264,0.0470367521712,0.0470367521712,0.069335085184,0.082110478804,0.082110478804,0.0466873823768,0.0415872122072,0.0415872122072,0.113565334173,0.109353574096,0.109353574096,0.0149034052226,0.0131953771717,0.0131953771717,0.00362747198968,0.00813341758944,0.00813341758944
0.033205472564,0.033205472564,0.033205472564,0.0382784638632,0.0306724115632,0.0306724115632,0.0145291042222,0.0137013437924,0.0137013437924,0.0187217082096,0.0250055558192,0.0250055558192,0.0182238793713,0.0182238793713,0.0182238793713,0.0216109908608,0.031460851708,0.031460851708,0.019784058712,0.0281921547266,0.0281921547266,0.153353755758,0.146663970108,0.146663970108,0.0162641349147,0.0199114889864,0.0199114889864,0.0490504904648,0.0650001740696,0.0650001740696,0.0259060754216,0.0322960841016,0.0322960841016,0.0856549684496,0.0826645183672,0.0826645183672,0.156111089968,0.153549407207,0.153549407207,0.127814591155,0.11917984918,0.11917984918,0.0738125075833,0.0795029813912,0.0795029813912,0.06953055092,0.0635652125128,0.0635652125128,0.0307772779864,0.0341531630352,0.0341531630352,0.0970462430328,0.0564608590392,0.0564608590392,0.12157247255,0.126582963379,0.126582963379,0.0400367690208,0.052665700296,0.052665700296,0.03758739938,0.0346075469097,0.0346075469097,0.04382860572,0.0622684684776,0.0622684684776,0.0446684725432,0.050179600724,0.050179600724,0.029016127456,0.0309786276616,0.0309786276616,0.11445774518,0.139765264629,0.139765264629,0.0786161458832,0.0484088932536,0.0484088932536,0.0655487564216,0.0649463755744,0.0649463755744,0.0186523521096,0.0186664082792,0.0186664082792,0.0228294388256,0.018782556628,0.018782556628,0.12349746171,0.12349746171,0.12349746171,0.00556909138544,0.019176499276,0.019176499276,0.045160993328,0.0436978570424,0.0436978570424,0.174623803794,0.134552256694,0.134552256694,0.00621391816584,0.00334858648784,0.00334858648784,0.056597010832,0.0637935847176,0.0637935847176,0.152458101231,0.130083504458,0.130083504458,0.149736382918,0.17639469755,0.17639469755,0.034564550806,0.0370669512056,0.0370669512056,0.014873184458,0.0136716963715,0.0136716963715,0.0754104123028,0.0862267272848,0.0862267272848,0.0428601876896,0.0487448538992,0.0487448538992,0.102133949332,0.10652298829,0.10652298829,0.058330913332,0.0596973209768,0.0596973209768,0.0535673514344,0.0543004916488,0.0543004916488,0.0527820265456,0.0563678293904,0.0563678293904,0.037167471616,0.0291891157712,0.0291891157712,0.132332014322,0.156626650211,0.156626650211,0.00889677856848,0.0124621814724,0.0124621814724,0.0305588525088,0.0627965896296,0.0627965896296,0.0288914714256,0.0273592194745,0.0273592194745,0.0156181799418,0.011379505009,0.011379505009,0.0363751475296,0.0362878513184,0.0362878513184,0.0632884584728,0.060684738004,0.060684738004,0.056584197386,0.0693594985312,0.0693594985312,0.0333822931024,0.0282821229328,0.0282821229328,0.1008143539,0.0966025938232,0.0966025938232,0.0107758665045,0.00906783845352,0.00906783845352,0.0127583782568,0.0206890171048,0.0206890171048
0.02419834222,0.02419834222,0.02419834222,0.0436838008728,0.0361600511448,0.0361600511448,0.0200169102584,0.0191890758488,0.0191890758488,0.0179930067856,0.0253682419848,0.0253682419848,0.0237116484176,0.0237116484176,0.0237116484176,0.0178752123854,0.0273767946408,0.0273767946408,0.018512530212,0.0191848764229,0.0191848764229,0.150710042064,0.144020593364,0.144020593364,0.021669619884,0.0253170109456,0.0253170109456,0.0604632807712,0.076412964376,0.076412964376,0.0221702784512,0.0285604720808,0.0285604720808,0.08326430992,0.0802738598376,0.0802738598376,0.167523861779,0.164962216009,0.164962216009,0.139227566411,0.130592639486,0.130592639486,0.0852253163846,0.0909157716976,0.0909157716976,0.0809433412264,0.0749780028192,0.0749780028192,0.0266934058688,0.0300692909176,0.0300692909176,0.0983536173392,0.0557321576152,0.0557321576152,0.132985262856,0.137995938635,0.137995938635,0.0514495593272,0.0640784906024,0.0640784906024,0.0270723808864,0.024092565406,0.024092565406,0.0552413960264,0.073681258784,0.073681258784,0.0405846004256,0.0460957286064,0.0460957286064,0.0404288721624,0.042391372368,0.042391372368,0.111814031486,0.137121702935,0.137121702935,0.0900289361896,0.0538144152128,0.0538144152128,0.061134242728,0.0605320468304,0.0605320468304,0.0139267418699,0.0132102656145,0.0132102656145,0.0271309966224,0.0230839294752,0.0230839294752,0.134910252017,0.134910252017,0.134910252017,0.00875175958712,0.0234778721232,0.0234778721232,0.0455236794936,0.044060543208,0.044060543208,0.1860365941,0.14596523195,0.14596523195,0.00960053029144,0.00826691421072,0.00826691421072,0.0521824971384,0.0593792559736,0.0593792559736,0.163870891538,0.141496479714,0.141496479714,0.161149173224,0.187807487856,0.187807487856,0.0254893100074,0.026551932712,0.026551932712,0.0290984881316,0.0273318495524,0.0273318495524,0.0709960691042,0.0818123655912,0.0818123655912,0.0337851133456,0.0382298354056,0.0382298354056,0.0977194356384,0.102108474596,0.102108474596,0.053916584588,0.0552828072832,0.0552828072832,0.0491528377408,0.0498861629048,0.0498861629048,0.050391368016,0.0545945326256,0.0545945326256,0.0396474608024,0.0316692899072,0.0316692899072,0.129688300629,0.153983088518,0.153983088518,0.00417122381368,0.0077366267176,0.0077366267176,0.0251026543592,0.0507124928856,0.0507124928856,0.040304216132,0.0387720011708,0.0387720011708,0.0148895155077,0.00948084940528,0.00948084940528,0.0345123351584,0.0355591498944,0.0355591498944,0.0608977999432,0.0582940794744,0.0582940794744,0.0679970061874,0.0807722888376,0.0807722888376,0.0388701176336,0.033769947464,0.033769947464,0.112227144206,0.108015569079,0.108015569079,0.00669195739696,0.004983929346,0.004983929346,0.0156901253362,0.0210517032704,0.0210517032704
0.0520417647016,0.0520417647016,0.0520417647016,0.0600629374488,0.0539209461824,0.0539209461824,0.0414479451584,0.0406201107488,0.0406201107488,0.0113808366461,0.0108105075646,0.0108105075646,0.0451426833176,0.0451426833176,0.0451426833176,0.020408263612,0.0375001959464,0.0375001959464,0.0450039711176,0.047028520844,0.047028520844,0.0930886477224,0.0808509025896,0.0808509025896,0.03804875646,0.0416961475216,0.0416961475216,0.0757971618184,0.0917466604736,0.0917466604736,0.0161588800974,0.0218284915904,0.0218284915904,0.0638153798832,0.0608251147504,0.0608251147504,0.182857576372,0.180296023076,0.180296023076,0.154561262509,0.145926335584,0.145926335584,0.100559123452,0.106249467795,0.106249467795,0.096277037324,0.0903116989168,0.0903116989168,0.0368168071744,0.0401926922232,0.0401926922232,0.0417851082792,0.0346212704728,0.0346212704728,0.148319143903,0.153329634733,0.153329634733,0.0667834403744,0.0794121867,0.0794121867,0.0549159883176,0.0519360803624,0.0519360803624,0.0705752770736,0.0890149548816,0.0890149548816,0.0507078167816,0.056219129912,0.056219129912,0.05576261386,0.0577251140656,0.0577251140656,0.0689712198824,0.0720116063568,0.0720116063568,0.087699401328,0.0701423207496,0.0701423207496,0.0889778501592,0.088375469312,0.088375469312,0.0417703123112,0.0410392065424,0.0410392065424,0.0282275628008,0.0241806806032,0.0241806806032,0.150243948114,0.150243948114,0.150243948114,0.0244353562024,0.0307924438536,0.0307924438536,0.0263135193904,0.0248501981552,0.0248501981552,0.201370290198,0.161298928047,0.161298928047,0.03216273544,0.0306883172288,0.0306883172288,0.0800261045696,0.0872226784552,0.0872226784552,0.179204772585,0.156830175812,0.156830175812,0.176483054271,0.203141183954,0.203141183954,0.0533328064688,0.0543955401432,0.0543955401432,0.042212896704,0.0410114641024,0.0410114641024,0.0988395655656,0.109655973022,0.109655973022,0.0616285358272,0.0660734428368,0.0660734428368,0.12556304307,0.129952082027,0.129952082027,0.0817600070696,0.0831264147144,0.0831264147144,0.076996445172,0.0777295853864,0.0777295853864,0.0309426229288,0.034528240824,0.034528240824,0.0382187251424,0.0302403692976,0.0302403692976,0.0560667314416,0.0765038471912,0.0765038471912,0.03201477576,0.0355802341488,0.0355802341488,0.0505441363856,0.0785559153672,0.0785559153672,0.0556379578296,0.0541058353432,0.0541058353432,0.017061582105,0.018525476684,0.018525476684,0.0145357439128,0.0144483552268,0.0144483552268,0.041449054856,0.0388453343872,0.0388453343872,0.0833307762648,0.0961061698848,0.0961061698848,0.0603011525336,0.055200982364,0.055200982364,0.127560840304,0.123349265177,0.123349265177,0.029990502388,0.028282492832,0.028282492832,0.0172413346213,0.0196229676104,0.0196229676104
0.145136137996,0.143090276507,0.143090276507,0.19784553828,0.157073199586,0.157073199586,0.142975735239,0.14010222429,0.14010222429,0.158560143384,0.162798129505,0.162798129505,0.140758189535,0.138712328046,0.138712328046,0.166883905471,0.182897069529,0.182897069529,0.131714523994,0.1380768477,0.1380768477,0.26356859704,0.254833134851,0.254833134851,0.152057870297,0.153659584819,0.153659584819,0.101428122858,0.112415569631,0.112415569631,0.171178990032,0.175523322173,0.175523322173,0.231790294798,0.269098754201,0.269098754201,0.0694669312504,0.0648595164656,0.0648595164656,0.078056129184,0.0694212022592,0.0694212022592,0.0736762383304,0.0773207211848,0.0773207211848,0.0919479122024,0.0965676083064,0.0965676083064,0.169152943718,0.182501092435,0.182501092435,0.207261877265,0.217310362778,0.217310362778,0.0442894643816,0.0302161409,0.0302161409,0.108691016421,0.10978578409,0.10978578409,0.149517864662,0.144492280168,0.144492280168,0.120276983952,0.119388552271,0.119388552271,0.187038225036,0.190503491728,0.190503491728,0.11461826599,0.121803601855,0.121803601855,0.224672586462,0.247935341372,0.247935341372,0.155064339166,0.155020180116,0.155020180116,0.117028802854,0.144164860318,0.144164860318,0.145844115529,0.15012833905,0.15012833905,0.195247551249,0.156561628993,0.156561628993,0.030554598668,0.030554598668,0.030554598668,0.14560645835,0.156955386691,0.156955386691,0.197200434075,0.212234421006,0.212234421006,0.0423697339648,0.0184398820091,0.0184398820091,0.135319376648,0.136469999096,0.136469999096,0.135866020114,0.143012069461,0.143012069461,0.0292427511552,0.0238910495296,0.0238910495296,0.036816992124,0.0449812223168,0.0449812223168,0.145829348563,0.146951739949,0.146951739949,0.129616270782,0.125803770714,0.125803770714,0.09887803406,0.109643884028,0.109643884028,0.154125077922,0.144883944362,0.144883944362,0.0950490226144,0.0993873520832,0.0993873520832,0.137600107564,0.13891562077,0.13891562077,0.132836545666,0.133518976392,0.133518976392,0.199400079597,0.232384864876,0.232384864876,0.194855827996,0.166968188136,0.166968188136,0.242547040554,0.264795630005,0.264795630005,0.147977062712,0.143239444745,0.143239444745,0.170475618457,0.172681378373,0.172681378373,0.121762307108,0.118184323133,0.118184323133,0.155456689096,0.149172152674,0.149172152674,0.183521046739,0.174080425004,0.174080425004,0.209906511524,0.205257114516,0.205257114516,0.08617397064,0.102362079274,0.102362079274,0.140590361338,0.133444329679,0.133444329679,0.062415133212,0.070277365552,0.070277365552,0.153927816092,0.151807789814,0.151807789814,0.152795819201,0.15848159079,0.15848159079
0.09830928804,0.09830928804,0.09830928804,0.156822385274,0.188256901354,0.188256901354,0.116569206233,0.166295075501,0.166295075501,0.0672286247512,0.0691067879392,0.0691067879392,0.114351475579,0.164905179257,0.164905179257,0.0650758114072,0.0524289577592,0.0524289577592,0.105307994988,0.0932960441824,0.0932960441824,0.0304563904304,0.0182186268026,0.0182186268026,0.0961286642976,0.0997760553592,0.0997760553592,0.134574426741,0.199327990023,0.199327990023,0.0607807268464,0.0664503568344,0.0664503568344,0.00573166208384,0.0201297295144,0.0201297295144,0.241635330244,0.287912583676,0.287912583676,0.213338527431,0.253542169134,0.253542169134,0.159336388374,0.213865301345,0.213865301345,0.155054487196,0.197927836466,0.197927836466,0.0531125314808,0.049736646432,0.049736646432,0.0848101186768,0.07368392064,0.07368392064,0.207096408826,0.260945164282,0.260945164282,0.125560705297,0.18699351625,0.18699351625,0.0728888223096,0.0758687302648,0.0758687302648,0.129352541996,0.196596284431,0.196596284431,0.0401388718896,0.0431313564176,0.0431313564176,0.114540018132,0.165341206015,0.165341206015,0.080786910028,0.0929277415704,0.0929277415704,0.164140082159,0.195256503916,0.195256503916,0.135245388698,0.1346431928,0.1346431928,0.0730955959624,0.070487991552,0.070487991552,0.0865238616704,0.0824767945232,0.0824767945232,0.209021397986,0.257860693664,0.257860693664,0.082133343116,0.0890887427232,0.0890887427232,0.0816406373816,0.0801773161464,0.0801773161464,0.26014728407,0.268914457597,0.268914457597,0.108912847642,0.162663035256,0.162663035256,0.126293643108,0.133490401943,0.133490401943,0.237982037507,0.264445705362,0.264445705362,0.235260319194,0.310757169503,0.310757169503,0.0996004995568,0.100663063482,0.100663063482,0.103209556826,0.151996621925,0.151996621925,0.145107289054,0.155923511561,0.155923511561,0.107896043966,0.112340966175,0.112340966175,0.171830581608,0.176219620566,0.176219620566,0.128027730558,0.129393953253,0.129393953253,0.12326398371,0.123997308874,0.123997308874,0.0506920960656,0.0586092335928,0.0586092335928,0.0939031657608,0.0885366681672,0.0885366681672,0.0544044044368,0.037232203976,0.037232203976,0.080171952608,0.0953815202776,0.0953815202776,0.0585955473224,0.0591905301856,0.0591905301856,0.114415362102,0.161721742343,0.161721742343,0.073667275176,0.0751322609576,0.0751322609576,0.0489665162976,0.0681256303112,0.0681256303112,0.0323872642544,0.0246569258232,0.0246569258232,0.142108226137,0.203722122485,0.203722122485,0.133243231382,0.176981933839,0.176981933839,0.186338290176,0.230965098726,0.230965098726,0.0748960803184,0.0748219155288,0.0748219155288,0.0753212794488,0.0779190815304,0.0779190815304
0.0659002231792,0.0659002231792,0.0659002231792,0.0800334253576,0.0738914340912,0.0738914340912,0.0614184330672,0.0605905986576,0.0605905986576,0.0291192048224,0.0309973680104,0.0309973680104,0.0651131712264,0.0651131712264,0.0651131712264,0.0269663914784,0.045443966216,0.045443966216,0.0620252527048,0.0608869793216,0.0608869793216,0.067826566808,0.0555888216752,0.0555888216752,0.0580192443688,0.0616666354304,0.0616666354304,0.10216534668,0.118115030285,0.118115030285,0.0226713069176,0.0283409369056,0.0283409369056,0.0385532989688,0.0355628488864,0.0355628488864,0.209225946183,0.206664207938,0.206664207938,0.18092963232,0.172294705395,0.172294705395,0.126927308314,0.132617837606,0.132617837606,0.122645407135,0.116680068728,0.116680068728,0.044760577444,0.0481364624928,0.0481364624928,0.0405250466544,0.0293988486176,0.0293988486176,0.174687328765,0.179698004544,0.179698004544,0.093151625236,0.105780556511,0.105780556511,0.0687744467952,0.06579453884,0.06579453884,0.0969434619352,0.115383324693,0.115383324693,0.0586517720008,0.0641629001816,0.0641629001816,0.0821309380712,0.0840934382768,0.0840934382768,0.044774448664,0.0489814972152,0.0489814972152,0.104654101059,0.0870970204808,0.0870970204808,0.102836308637,0.102234112739,0.102234112739,0.0556287707888,0.053455982888,0.053455982888,0.0484144417416,0.0443673745944,0.0443673745944,0.176612317926,0.176612317926,0.176612317926,0.0440239231872,0.0509793227944,0.0509793227944,0.0433338762296,0.041870739944,0.041870739944,0.227738660009,0.187667112909,0.187667112909,0.0517514873744,0.0502770691632,0.0502770691632,0.0938845630472,0.101081321882,0.101081321882,0.205572957446,0.183198545623,0.183198545623,0.202851239133,0.229509553765,0.229509553765,0.067191449896,0.0682539986208,0.0682539986208,0.0708004615656,0.0690338229864,0.0690338229864,0.112698208993,0.1235144315,0.1235144315,0.0754869943048,0.0799319013144,0.0799319013144,0.139421501547,0.143810540505,0.143810540505,0.0956186504968,0.096984873192,0.096984873192,0.0908549036496,0.0915882288136,0.0915882288136,0.00674583321544,0.0143243095301,0.0143243095301,0.0555964046088,0.0504272482384,0.0504272482384,0.03067389116,0.0511110069096,0.0511110069096,0.0469807124424,0.0494386926264,0.0494386926264,0.0584879066552,0.0924145587944,0.0924145587944,0.0820062820408,0.0804739746048,0.0804739746048,0.0355578552472,0.0370228410288,0.0370228410288,0.0108571333587,0.030016395332,0.030016395332,0.0164855380809,0.0208739667048,0.0208739667048,0.109699146076,0.122474354746,0.122474354746,0.0802716404424,0.0751714702728,0.0751714702728,0.153929210115,0.149717634988,0.149717634988,0.0399226658072,0.0416306753632,0.0416306753632,0.03721185952,0.0398098465512,0.0398098465512
0.052448260476,0.052448260476,0.052448260476,0.11096135771,0.0868513195552,0.0868513195552,0.0707079937192,0.0698803442592,0.0698803442592,0.03966244172,0.0445883893664,0.0445883893664,0.0684904480152,0.0684904480152,0.0684904480152,0.0278994622104,0.009421794998,0.009421794998,0.0594467824744,0.0474348316688,0.0474348316688,0.0761167476784,0.0638790025456,0.0638790025456,0.0797903137264,0.083437704788,0.083437704788,0.0887133991768,0.104662897832,0.104662897832,0.0321945467712,0.0385845554512,0.0385845554512,0.051391945352,0.0657900867624,0.0657900867624,0.19577411773,0.193211804434,0.193211804434,0.167477499867,0.158842572942,0.158842572942,0.11347536081,0.119165705154,0.119165705154,0.109193459632,0.103227936275,0.103227936275,0.0101052577498,0.006729391196,0.006729391196,0.120377511745,0.071969437848,0.071969437848,0.161235381262,0.166245872091,0.166245872091,0.0796996777328,0.0923284240584,0.0923284240584,0.0270277947456,0.0300075177512,0.0300075177512,0.083491514432,0.10193119224,0.10193119224,0.0066397831148,0.0121509482855,0.0121509482855,0.068678990568,0.070641305824,0.070641305824,0.133837925892,0.159145597341,0.159145597341,0.118278869646,0.103857884085,0.103857884085,0.0893843611336,0.0887819802864,0.0887819802864,0.0272343834488,0.0246267790384,0.0246267790384,0.0508674282864,0.0468205460888,0.0468205460888,0.163160185473,0.163160185473,0.163160185473,0.0410501185688,0.0534323093392,0.0534323093392,0.110316068555,0.0632806905896,0.0632806905896,0.214286256506,0.174215165406,0.174215165406,0.063051635128,0.0662483040144,0.0662483040144,0.080432615544,0.0876291894296,0.0876291894296,0.192121009943,0.16974641317,0.16974641317,0.18939929163,0.216057725312,0.216057725312,0.0537392870432,0.0548020359176,0.0548020359176,0.0573485292624,0.0555818906832,0.0555818906832,0.09924607654,0.110062483997,0.110062483997,0.0620350164016,0.0664799386112,0.0664799386112,0.125969369094,0.130358593002,0.130358593002,0.082166518044,0.0835329256888,0.0835329256888,0.0774029561464,0.0781360963608,0.0781360963608,0.060415636336,0.0646188009456,0.0646188009456,0.107971647426,0.0533398345392,0.0533398345392,0.151712195034,0.082892561224,0.082892561224,0.0522124341416,0.0495204927136,0.0495204927136,0.0127344457786,0.0292357230704,0.0292357230704,0.068554149588,0.0670220271016,0.0670220271016,0.0336391880968,0.0380239732136,0.0380239732136,0.0445366034784,0.0517964301272,0.0517964301272,0.066263742688,0.0585334042568,0.0585334042568,0.0962470136232,0.109022407243,0.109022407243,0.0873822038176,0.082282033648,0.082282033648,0.140477262612,0.136265502535,0.136265502535,0.0318888250824,0.0318146602928,0.0318146602928,0.0382163207976,0.0427222479024,0.0427222479024
0.0720519503176,0.087668358452,0.087668358452,0.0259118088592,0.0197698175928,0.0197698175928,0.0359129584792,0.0367407928888,0.0367407928888,0.0316089963376,0.0369980577824,0.0369980577824,0.0747024818568,0.0432822752912,0.0432822752912,0.0402317165888,0.0528541568896,0.0528541568896,0.0656588533059,0.0826549296448,0.0826549296448,0.128951617362,0.162945808796,0.162945808796,0.0252210221032,0.0215736310416,0.0215736310416,0.0931756090184,0.124741515808,0.124741515808,0.0435820785928,0.0492517085808,0.0492517085808,0.0982454124696,0.152142947196,0.152142947196,0.200270090067,0.213325501461,0.213325501461,0.171974517709,0.0770988300544,0.0770988300544,0.117972304672,0.13927928313,0.13927928313,0.113690292524,0.123341514251,0.123341514251,0.052170583168,0.0555464682168,0.0555464682168,0.0411109669872,0.0375886018552,0.0375886018552,0.165732399103,0.186359602067,0.186359602067,0.0841617355744,0.112407042034,0.112407042034,0.0749260444689,0.0875624891632,0.0875624891632,0.0879535722736,0.122009810216,0.122009810216,0.104650877358,0.125778413673,0.125778413673,0.0731758974398,0.0907547318,0.0907547318,0.0900557917336,0.065996490516,0.065996490516,0.0491196545664,0.031562573988,0.031562573988,0.108987866026,0.124002078262,0.124002078262,0.0690265846513,0.0909730223104,0.0909730223104,0.0114084866113,0.0154554427887,0.0154554427887,0.167657203314,0.183273611449,0.183273611449,0.0279242454568,0.011373494147,0.011373494147,0.0185447114424,0.020007847728,0.020007847728,0.218783545398,0.194328895382,0.194328895382,0.0692636689696,0.03210725056,0.03210725056,0.100036120436,0.122849287406,0.122849287406,0.196618027785,0.189860143146,0.189860143146,0.193896309471,0.236171607288,0.236171607288,0.0733429398949,0.090021948944,0.090021948944,0.0635605076191,0.0774101477096,0.0774101477096,0.118849747887,0.145282397023,0.145282397023,0.0816387062432,0.101699851638,0.101699851638,0.145573058936,0.165578506028,0.165578506028,0.101770207886,0.118752838715,0.118752838715,0.0970065720082,0.113356194337,0.113356194337,0.0653726555152,0.0501945816416,0.0501945816416,0.0099605531828,0.0179388535427,0.0179388535427,0.107930060876,0.140767622048,0.140767622048,0.0718159390336,0.08474040574,0.08474040574,0.0880882707784,0.107956300318,0.107956300318,0.0730511859246,0.087135268128,0.087135268128,0.0296605523016,0.0311246133352,0.0311246133352,0.0489657764992,0.0418054527352,0.0418054527352,0.0758790874424,0.0732753669736,0.0732753669736,0.10074401297,0.12913580027,0.12913580027,0.046004363504,0.0527396730872,0.0527396730872,0.144974095504,0.156378928511,0.156378928511,0.0777666924136,0.0366642237544,0.0366642237544,0.0288070098976,0.0274750028784,0.0274750028784
0.0835230329051,0.0870192233073,0.0870192233073,0.154996241056,0.116990210902,0.116990210902,0.100847070015,0.100019235606,0.100019235606,0.112022512954,0.119397748154,0.119397748154,0.0986293393616,0.0986293393616,0.0986293393616,0.108927936247,0.110015779266,0.110015779266,0.0895858032855,0.08200583149,0.08200583149,0.216768211816,0.210078882166,0.210078882166,0.109929205073,0.113576596134,0.113576596134,0.115514340644,0.129504318128,0.129504318128,0.113223020808,0.119613029488,0.119613029488,0.173834325574,0.224344501516,0.224344501516,0.112155578542,0.109593932771,0.109593932771,0.141764447214,0.133129705238,0.133129705238,0.0877623451467,0.0934527634698,0.0934527634698,0.0440354998624,0.0434806510624,0.0434806510624,0.109332390494,0.12659079975,0.12659079975,0.164412395091,0.176506438094,0.176506438094,0.0667563495979,0.0793645234376,0.0793645234376,0.104540779574,0.117169844354,0.117169844354,0.0848492529434,0.0818694189681,0.0818694189681,0.108332597778,0.126772612536,0.126772612536,0.129082070862,0.134593199043,0.134593199043,0.0930307674194,0.0949932306351,0.0949932306351,0.177872219733,0.203181088687,0.203181088687,0.143120137942,0.128209864381,0.128209864381,0.0434492096304,0.0706357916328,0.0706357916328,0.0860235068199,0.0923536473144,0.0923536473144,0.152398254025,0.116478640308,0.116478640308,0.068681227789,0.068681227789,0.068681227789,0.103477793126,0.116872582956,0.116872582956,0.154350951902,0.171430681271,0.171430681271,0.130668347852,0.087333816752,0.087333816752,0.0931906374442,0.0963871953608,0.0963871953608,0.0622864268904,0.069483000776,0.069483000776,0.10324450929,0.0828650645168,0.0828650645168,0.096570876924,0.132439241608,0.132439241608,0.0782407243694,0.084328841759,0.084328841759,0.0874874575987,0.0857208375145,0.0857208375145,0.0252983298662,0.0229215437264,0.0229215437264,0.086536379748,0.0713550606272,0.0713550606272,0.00801889679712,0.0119399947718,0.0119399947718,0.0640204033702,0.0653867370352,0.0653867370352,0.0592568044827,0.0599899631921,0.0599899631921,0.141444110373,0.145647274982,0.145647274982,0.152006530772,0.126885384401,0.126885384401,0.195746470381,0.22004156227,0.22004156227,0.090021074993,0.087329170555,0.087329170555,0.112519464283,0.116771085688,0.116771085688,0.0929060743991,0.0913738594379,0.0913738594379,0.108919058666,0.103510392564,0.103510392564,0.125565077515,0.129588656063,0.129588656063,0.1519505423,0.149346821831,0.149346821831,0.100260151436,0.11849401059,0.11849401059,0.111733999164,0.106633828994,0.106633828994,0.0291232737136,0.0327636366904,0.0327636366904,0.0959716619184,0.0958976820784,0.0958976820784,0.110666969027,0.115081209439,0.115081209439
0.128012813204,0.128012813204,0.128012813204,0.180722287468,0.141995625314,0.141995625314,0.125852484427,0.125024650018,0.125024650018,0.141436892572,0.147720740182,0.147720740182,0.123634753774,0.123634753774,0.123634753774,0.149760654659,0.167819495256,0.167819495256,0.114591273182,0.122999439882,0.122999439882,0.246445346228,0.239756201528,0.239756201528,0.134934619485,0.138582010546,0.138582010546,0.0843047385406,0.097338028308,0.097338028308,0.15405573922,0.16044593285,0.16044593285,0.214667043986,0.254021820878,0.254021820878,0.0662335924384,0.0636719466676,0.0636719466676,0.110554974575,0.10192004765,0.10192004765,0.0565527430436,0.0622431613666,0.0622431613666,0.0748247168753,0.0814900854782,0.0814900854782,0.152029692906,0.167423518162,0.167423518162,0.190138441503,0.202233244506,0.202233244506,0.0127738585383,0.0341671953143,0.0341671953143,0.091567539629,0.0947082427664,0.0947082427664,0.13239449884,0.129414664865,0.129414664865,0.10315358114,0.104311010948,0.104311010948,0.169914789274,0.175426102405,0.175426102405,0.0974949371582,0.106726212532,0.106726212532,0.20754940963,0.232858408049,0.232858408049,0.137940936354,0.139942790793,0.139942790793,0.0943029840424,0.121489598994,0.121489598994,0.128720864717,0.135050949726,0.135050949726,0.178124300437,0.14148405472,0.14148405472,0.0198867760858,0.0198867760858,0.0198867760858,0.128483207538,0.141877997368,0.141877997368,0.180077183263,0.197157487683,0.197157487683,0.084746306264,0.0421365441136,0.0421365441136,0.118196107341,0.121392609773,0.121392609773,0.113140104787,0.120336808138,0.120336808138,0.0583048133016,0.0376677918784,0.0376677918784,0.045937808136,0.08651720002,0.08651720002,0.128706042266,0.131874087656,0.131874087656,0.112492945991,0.110726307411,0.110726307411,0.0761521597631,0.0869686227048,0.0869686227048,0.13700182711,0.122208683039,0.122208683039,0.0294271459064,0.0250381069488,0.0250381069488,0.114874081267,0.116240359447,0.116240359447,0.11011048238,0.110843641089,0.110843641089,0.182276828785,0.217307746603,0.217307746603,0.177732577184,0.151890798813,0.151890798813,0.225423789742,0.249718696682,0.249718696682,0.130853867385,0.128161944452,0.128161944452,0.15335227517,0.15760398905,0.15760398905,0.104639056296,0.10310685983,0.10310685983,0.138333253334,0.134094763351,0.134094763351,0.166397795927,0.159003035681,0.159003035681,0.192783260712,0.190179540243,0.190179540243,0.069050701333,0.0872843530016,0.0872843530016,0.123467110526,0.118366940356,0.118366940356,0.0158328509425,0.0240034988864,0.0240034988864,0.13680456528,0.13673040049,0.13673040049,0.135672383439,0.143404201467,0.143404201467
0.0985171013976,0.0985171013976,0.0985171013976,0.151226686631,0.112500024477,0.112500024477,0.0963566986408,0.0955290491808,0.0955290491808,0.111941106786,0.118225139345,0.118225139345,0.0941391529368,0.0941391529368,0.0941391529368,0.120264868873,0.138323894419,0.138323894419,0.085095487396,0.0935036725904,0.0935036725904,0.216950353391,0.210260263742,0.210260263742,0.105439018648,0.10908640971,0.10908640971,0.0548090862592,0.0678423945216,0.0678423945216,0.124560138383,0.130950147063,0.130950147063,0.18517144315,0.224525427091,0.224525427091,0.067558436328,0.0634298560576,0.0634298560576,0.0524977590104,0.0438630170352,0.0438630170352,0.0236456214104,0.0303718684632,0.0303718684632,0.0453290757536,0.0519944331968,0.0519944331968,0.122533907119,0.137927917326,0.137927917326,0.160642840666,0.172737035669,0.172737035669,0.021173954956,0.0169290287267,0.0169290287267,0.0620719798224,0.06521260898,0.06521260898,0.102899013014,0.0999191050584,0.0999191050584,0.0736579473536,0.0748153771616,0.0748153771616,0.140419188438,0.145930316618,0.145930316618,0.0679994143416,0.0772304267456,0.0772304267456,0.178054342814,0.203362014262,0.203362014262,0.077909094252,0.110447005006,0.110447005006,0.110323318394,0.124470893208,0.124470893208,0.0992250789304,0.10555516394,0.10555516394,0.14862851465,0.111988453883,0.111988453883,0.0325781322416,0.0325781322416,0.0325781322416,0.0989874217512,0.112382211582,0.112382211582,0.150581397477,0.167661093897,0.167661093897,0.0860711501536,0.037916517496,0.037916517496,0.0887003400496,0.091897008936,0.091897008936,0.116121528466,0.0765722906408,0.0765722906408,0.0421219015008,0.0332702136448,0.0332702136448,0.0526122428128,0.0862752018848,0.0862752018848,0.0992103119648,0.102378564839,0.102378564839,0.082997234184,0.0812305956048,0.0812305956048,0.0921723646504,0.0504858772616,0.0504858772616,0.107506041323,0.114056467533,0.114056467533,0.0438456317728,0.0394564078656,0.0394564078656,0.117855430966,0.11922183861,0.11922183861,0.113091869068,0.113825009282,0.113825009282,0.152781042998,0.187811537766,0.187811537766,0.148236976347,0.122395013026,0.122395013026,0.195928611956,0.220222758895,0.220222758895,0.101358211063,0.0986662696352,0.0986662696352,0.123856581858,0.128108203263,0.128108203263,0.0751432705096,0.0736111480232,0.0736111480232,0.108837652498,0.104598977565,0.104598977565,0.13690219509,0.129507249894,0.129507249894,0.163287659875,0.160683939406,0.160683939406,0.0395549492416,0.0577889041648,0.0577889041648,0.0939713247392,0.0888711545696,0.0888711545696,0.0242964590528,0.0349170048832,0.0349170048832,0.107308779494,0.107234799654,0.107234799654,0.106176782602,0.113908415681,0.113908415681
0.053808125796,0.0573042977032,0.0573042977032,0.125281370937,0.0872753407824,0.0872753407824,0.071132199896,0.0703043654864,0.0703043654864,0.0823076428352,0.0896828780344,0.0896828780344,0.0689144692424,0.0689144692424,0.0689144692424,0.079213066128,0.0803009091464,0.0803009091464,0.0598709886512,0.0522910538456,0.0522910538456,0.187053949697,0.180364316047,0.180364316047,0.0802143349536,0.0838617260152,0.0838617260152,0.0286790247744,0.0663785276632,0.0663785276632,0.0835081506888,0.0898981593688,0.0898981593688,0.144119455455,0.194629023397,0.194629023397,0.133973180518,0.131411497757,0.131411497757,0.107848377698,0.0992134507736,0.0992134507736,0.0538462386416,0.0595365829848,0.0595365829848,0.0293546456632,0.0287999818128,0.0287999818128,0.0796175203744,0.0968759296312,0.0968759296312,0.134697524972,0.146791567974,0.146791567974,0.0885738590992,0.101182069929,0.101182069929,0.0375038949384,0.0540440538896,0.0540440538896,0.0551344013192,0.052154493364,0.052154493364,0.0624892402632,0.0636470070208,0.0636470070208,0.0993672007432,0.104878328924,0.104878328924,0.0633159157952,0.0652784160008,0.0652784160008,0.148157939119,0.173465610568,0.173465610568,0.0972765954768,0.0984949942616,0.0984949942616,0.00390704180504,0.0261674092064,0.0261674092064,0.0563086921856,0.0626387771952,0.0626387771952,0.122683383906,0.0867637701888,0.0867637701888,0.09049869626,0.09049869626,0.09049869626,0.0737629230064,0.0871577128368,0.0871577128368,0.124636081782,0.141715811152,0.141715811152,0.152485894343,0.109151363243,0.109151363243,0.0634758413048,0.0666723252416,0.0666723252416,0.0186462487728,0.0180064156316,0.0180064156316,0.125061903781,0.104682611008,0.104682611008,0.118388271415,0.154256788099,0.154256788099,0.0485257802704,0.0546139531448,0.0546139531448,0.0577725504896,0.0560059119104,0.0560059119104,0.0163737175527,0.025765328776,0.025765328776,0.0375334868744,0.038038584232,0.038038584232,0.0432868238816,0.0476758628392,0.0476758628392,0.0266312628032,0.0281027218208,0.0281027218208,0.0259402910976,0.026673431312,0.026673431312,0.111729240254,0.115932404863,0.115932404863,0.122291660653,0.0971705142816,0.0971705142816,0.166032208262,0.19032699615,0.19032699615,0.0603062233688,0.0576142819408,0.0576142819408,0.082804594164,0.0870562155688,0.0870562155688,0.0631912597648,0.0616589523288,0.0616589523288,0.0792041885472,0.0737955224448,0.0737955224448,0.095850207396,0.099873785944,0.099873785944,0.122235672181,0.119631951712,0.119631951712,0.0377908602544,0.0505662538744,0.0505662538744,0.0820191290448,0.0769189588752,0.0769189588752,0.064859160276,0.0620956433528,0.0620956433528,0.0662567917992,0.0661828119592,0.0661828119592,0.080952098908,0.08536633932,0.08536633932
0.0501892169728,0.05368538888,0.05368538888,0.121662462114,0.0836564319592,0.0836564319592,0.0675131061232,0.0666854566632,0.0666854566632,0.078688734012,0.0860639692112,0.0860639692112,0.0652955604192,0.0652955604192,0.0652955604192,0.0755939723552,0.0766820003232,0.0766820003232,0.0562518948784,0.0486719600728,0.0486719600728,0.183435040874,0.176745407224,0.176745407224,0.0765954261304,0.080242817192,0.080242817192,0.0320928244912,0.096170354236,0.096170354236,0.0798892418656,0.0862792505456,0.0862792505456,0.140500546632,0.191010114574,0.191010114574,0.137386795285,0.134825241989,0.134825241989,0.111262177415,0.10262725049,0.10262725049,0.0572600383584,0.0629503827016,0.0629503827016,0.03276844538,0.0322137815296,0.0322137815296,0.0759984266016,0.093257020808,0.093257020808,0.131078616149,0.143172659151,0.143172659151,0.091987658816,0.104595869646,0.104595869646,0.0712071341368,0.0838358804624,0.0838358804624,0.051515492496,0.0485355845408,0.0485355845408,0.074998970836,0.0934388335936,0.0934388335936,0.09574829192,0.101259420101,0.101259420101,0.059697006972,0.061659322228,0.061659322228,0.144539030296,0.169846701745,0.169846701745,0.10978632605,0.0948759004888,0.0948759004888,0.00027579684352,0.02253610876,0.02253610876,0.0526895984128,0.0590196834224,0.0590196834224,0.119064290133,0.0831448613656,0.0831448613656,0.0939123110272,0.0939123110272,0.0939123110272,0.0701438292336,0.0835388040136,0.0835388040136,0.121017172959,0.138096717379,0.138096717379,0.15589969406,0.11256516296,0.11256516296,0.059856747532,0.0630534164184,0.0630534164184,0.0188580160648,0.0216376236032,0.0216376236032,0.128475703498,0.108096410725,0.108096410725,0.121802071132,0.157670587816,0.157670587816,0.0449068714472,0.0509950443216,0.0509950443216,0.0541536416664,0.0523870030872,0.0523870030872,0.0197873878048,0.0291791284928,0.0291791284928,0.0339145780512,0.0344194904592,0.0344194904592,0.0467004386488,0.051089662556,0.051089662556,0.0232224567256,0.0246937307936,0.0246937307936,0.0223213822744,0.0230545224888,0.0230545224888,0.108110146481,0.11231349604,0.11231349604,0.11867275183,0.0935514205088,0.0935514205088,0.162413299438,0.186707902378,0.186707902378,0.0566873145456,0.0539953731176,0.0539953731176,0.0791856853408,0.0834373067456,0.0834373067456,0.059572165992,0.0580400435056,0.0580400435056,0.0755850947744,0.0701766136216,0.0701766136216,0.0922312985728,0.0962548771208,0.0962548771208,0.118616763358,0.116013042889,0.116013042889,0.0412046599712,0.0539798686416,0.0539798686416,0.0784002202216,0.073300050052,0.073300050052,0.0682729599928,0.06550925812,0.06550925812,0.062637882976,0.062563903136,0.062563903136,0.0773331900848,0.0817474304968,0.0817474304968
0.0703310191969,0.0703310191969,0.0703310191969,0.123040548946,0.0843138867912,0.0843138867912,0.0681707459048,0.0673429114952,0.0673429114952,0.0837549691,0.0900390016592,0.0900390016592,0.0659530152512,0.0659530152512,0.0659530152512,0.0920789161368,0.110137756734,0.110137756734,0.0569094976701,0.0653176458746,0.0653176458746,0.188764215706,0.182074430056,0.182074430056,0.0772528809624,0.080900272024,0.080900272024,0.0116615716439,0.0493611300176,0.0493611300176,0.0963740006976,0.102764009378,0.102764009378,0.156985305464,0.196339137406,0.196339137406,0.119127238431,0.116565611155,0.116565611155,0.0908307951032,0.082196053128,0.082196053128,0.0368286930363,0.0425191113594,0.0425191113594,0.0123371370478,0.0117824547025,0.0117824547025,0.0943479543832,0.10974177964,0.10974177964,0.132456702981,0.144550745983,0.144550745983,0.0845887319825,0.0895991673272,0.0895991673272,0.0338858976217,0.037026656244,0.037026656244,0.074712704833,0.0717328708577,0.0717328708577,0.045471657668,0.0466294244256,0.0466294244256,0.112233050752,0.117744178933,0.117744178933,0.039813143151,0.0490444370197,0.0490444370197,0.149868223623,0.175175724577,0.175175724577,0.0802591978312,0.0822610522704,0.0822610522704,0.0207071421656,0.0962846035224,0.0962846035224,0.0710390707095,0.077369211204,0.077369211204,0.120442561914,0.0838023161976,0.0838023161976,0.0865136101735,0.0865136101735,0.0865136101735,0.0708014690152,0.0841962588456,0.0841962588456,0.122395259791,0.139474989161,0.139474989161,0.137640007742,0.0975684606416,0.0975684606416,0.0605143133338,0.0637108712504,0.0637108712504,0.0300994377024,0.026238799752,0.026238799752,0.115474305179,0.0930997084064,0.0930997084064,0.112752586866,0.139410901498,0.139410901498,0.071024266754,0.0741922936486,0.0741922936486,0.0548111519833,0.0530445134041,0.0530445134041,0.0199799203384,0.0258093467808,0.0258093467808,0.0793199036376,0.0858701778472,0.0858701778472,0.0488053500464,0.0531945739536,0.0531945739536,0.08966914128,0.0910355489248,0.0910355489248,0.0849056163723,0.0856387935766,0.0856387935766,0.124595090262,0.159625248081,0.159625248081,0.120050838662,0.0942090602904,0.0942090602904,0.16774247427,0.192037110159,0.192037110159,0.0731720733776,0.0704801689395,0.0704801689395,0.0956704441728,0.0999220655776,0.0999220655776,0.0469572622887,0.0454250658225,0.0454250658225,0.080651514812,0.0764128398792,0.0764128398792,0.108716057405,0.101321112209,0.101321112209,0.13510152219,0.132497801721,0.132497801721,0.020773370134,0.0335486712792,0.0335486712792,0.0657851870536,0.060685016884,0.060685016884,0.063830557848,0.0589765977712,0.0589765977712,0.079122641808,0.079048661968,0.079048661968,0.0779906449168,0.0857224629448,0.0857224629448
0.0534510952516,0.0534510952516,0.0534510952516,0.10612578001,0.067433925856,0.067433925856,0.0512907849696,0.05046295056,0.05046295056,0.0668751931144,0.073159040724,0.073159040724,0.049073054316,0.049073054316,0.049073054316,0.0751989552016,0.0932577957984,0.0932577957984,0.0400295737248,0.0484377219293,0.0484377219293,0.17184929477,0.16515984607,0.16515984607,0.0603729200272,0.0640203110888,0.0640203110888,1000000.0,1000000.0,1000000.0,0.0794940397624,0.085884233392,0.085884233392,0.140105344529,0.17942455342,0.17942455342,0.116803679616,0.114242033846,0.114242033846,0.0885072732784,0.0798723463536,0.0798723463536,0.0345051342216,0.0401955525446,0.0401955525446,0.0184267505875,0.015073873269,0.015073873269,0.077467993448,0.0928618187048,0.0928618187048,0.115541934046,0.127635977048,0.127635977048,0.0822651546728,0.0872756639974,0.0872756639974,0.0141092686302,0.0189220086264,0.0189220086264,0.0578329328878,0.0548530989124,0.0548530989124,0.0279996136824,0.028524776808,0.028524776808,0.0953530898168,0.100864402947,0.100864402947,0.0223409512057,0.0361484330744,0.0361484330744,0.132953339678,0.158260955642,0.158260955642,0.062786968896,0.0693650113352,0.0693650113352,0.0323685843448,0.0798944195368,0.0798944195368,0.0541591467642,0.0604892502688,0.0604892502688,0.103527792979,0.0669223552624,0.0669223552624,0.0841900328638,0.0841900328638,0.0841900328638,0.05392150808,0.0673162979104,0.0673162979104,0.105480490856,0.122560220226,0.122560220226,0.135316485917,0.0952449388168,0.0952449388168,0.0436343893885,0.0468309103152,0.0468309103152,0.0715449253297,0.024319947652,0.024319947652,0.113150783354,0.0907761865816,0.0907761865816,0.110429065041,0.137087379673,0.137087379673,0.0546339163138,0.0573125217033,0.0573125217033,0.037931228038,0.0361645894588,0.0361645894588,0.02757598536,0.0334054118024,0.0334054118024,0.062929719652,0.0689905538616,0.0689905538616,0.119041440485,0.123430590413,0.123430590413,0.0732789572944,0.0746451799896,0.0746451799896,0.068515284427,0.0692484616314,0.0692484616314,0.107715129327,0.142710479146,0.142710479146,0.103136069726,0.0773290993552,0.0773290993552,0.150827738285,0.175122341224,0.175122341224,0.0562921494323,0.0536002264993,0.0536002264993,0.0787904832376,0.083042289592,0.083042289592,0.0340612583434,0.0325290618772,0.0325290618772,0.0637715538768,0.059532878944,0.059532878944,0.0918360964696,0.0844413362232,0.0844413362232,0.118221561254,0.115617840786,0.115617840786,0.0184497928243,0.0312251494544,0.0312251494544,0.0528891461184,0.0477891608984,0.0477891608984,0.0615070360232,0.0566530759464,0.0566530759464,0.0622428658224,0.0621687010328,0.0621687010328,0.0611106839816,0.0688425020096,0.0688425020096
