0.00262136355048,0.0007873950954,0.00268407213048,0.0026018876252,0.00278166573048,0.00261696327048,0.00262219485048,0.00261027921048,0.00262219485048,0.00262951233048,0.00265055595048,0.00278180037048,0.00267331623048,0.00264469707048,0.00262567917048,0.0008674436754,0.0009397881954,0.0009196625754,0.0008588848554,0.0030998211482,0.0008909016354,0.0008923683954,0.00267313977048,0.0008002083354,0.0009210589554,0.0008916635754,0.00261888087048,0.00135444162048,0.00263667273048,0.00268387425048,0.0009199563354,0.0008923520754,0.00262477851048,0.0016281884732,0.00133686294048,0.0008961372954,0.00265040601048,0.00264521115048,0.0008922990354,0.0009388712154,0.0010025212554,0.0006685904528,0.00277151469048,0.00263984697048,0.0009377094354,0.0008684106354,0.00294089385048,0.00268400481048,0.00281180979048,0.00261884721048,0.00262274055048,0.00078759588212,0.0008527740354,0.0008918777754,0.00262664715048,0.00262627383048,0.0008926886754,0.0008638808154,0.0009209263554,0.0009373412154,0.0007999563954,0.00262138803048,0.00268852443048,0.00267728811048,0.00261684903048,0.0008652955554,0.00261975195048,0.0008476587354,0.00133768608048,0.00264177477048,0.00262574037048,0.00262595049048,0.00262282725048,0.0011426217074,0.00112338736376,0.00080014121716,0.00089288382404,0.0031226162434,0.00282128533576,0.00101795837924,0.0009867659666,0.00263484046056,0.00262711533048,0.003174105346,0.00091927351204
0.00167921597176,0.00047686100176,0.00174192455176,0.00165974004648,0.00183951815176,0.00167481569176,0.00168004829176,0.00166813163176,0.00168004829176,0.00168736475176,0.00170840837176,0.00183965279176,0.00173116967176,0.00170254949176,0.00168353261176,0.00041419424176,0.00055847018176,0.00056959838176,0.00047756582176,0.0027804011232,0.00050958362176,0.00051104936176,0.00173099321176,0.00048078494176,0.00056968610176,0.00051034454176,0.00167673329176,0.00038790170176,0.00169452515176,0.00174172667176,0.00056943620176,0.00051103304176,0.00168263195176,0.0009817447864,0.00037032404176,0.00057671492176,0.00170825843176,0.00170306357176,0.00051098000176,0.00055755218176,0.00068309786176,0.00020835161176,0.00182936813176,0.00169769939176,0.00055639040176,0.00054898724176,0.00199874729176,0.00174185723176,0.00186966221176,0.00167669963176,0.00168059297176,0.00047701808176,0.00047145500176,0.00051055874176,0.00168449957176,0.00168412625176,0.00051137066176,0.00048256280176,0.00056983910176,0.00055602218176,0.00048053300176,0.00167924045176,0.00174637787176,0.00173514155176,0.00167470145176,0.00048397754176,0.00167760539176,0.00052823636176,0.00037114616176,0.00169962719176,0.00168359279176,0.00168380393176,0.00168067967176,0.00076130211232,0.00059313336512,0.0004907659968,0.00051156535184,0.002803191624,0.00187913775704,0.0006366393456,0.0006054485144,0.00169269288184,0.00168496775176,0.0022319594516,0.00053795503984
0.00238400273016,0.00064477483716,0.00244671131016,0.00236452680488,0.00254430083016,0.00237960245016,0.00238483403016,0.00237291839016,0.00238483403016,0.00239215151016,0.00241319513016,0.00254444363016,0.00243595541016,0.00240733625016,0.00238831835016,0.00072482341716,0.00079716793716,0.00077704231716,0.00071626357716,0.0029572014514,0.00074828137716,0.00074974813716,0.00243577895016,0.00065758807716,0.00077843869716,0.00074904331716,0.00238152005016,0.00109268947716,0.00239931191016,0.00244651343016,0.00077733607716,0.00074973181716,0.00238741871016,0.0016865287346,0.00107511079716,0.00075351703716,0.00241304519016,0.00240785033016,0.00074967877716,0.00079625095716,0.00085990099716,0.00091328371716,0.00253415183016,0.00240248615016,0.00079508917716,0.00072579037716,0.00270353303016,0.00244664399016,0.00257445203016,0.00238148639016,0.00238537973016,0.00064497618532,0.00071015377716,0.00074925751716,0.00238928633016,0.00238891301016,0.00075006841716,0.00072126055716,0.00077830609716,0.00079472095716,0.00065733613716,0.00238402721016,0.00245116361016,0.00243992831016,0.00237948821016,0.00072267529716,0.00238239215016,0.00070503847716,0.00107593393716,0.00240441395016,0.00238837955016,0.00238858967016,0.00238546643016,0.00100000144916,0.00098076766696,0.00065752095892,0.00075026412724,0.0029799965466,0.00258392757544,0.00087533868244,0.0008441462698,0.00239747964024,0.00238975451016,0.0029367434028,0.00077665381524
0.0037886229852,0.0020582813352,0.0038513325852,0.0037691474156,0.0039489261852,0.0037842165852,0.0037894491852,0.0037775355852,0.0037894491852,0.0037967727852,0.0038178153852,0.0039490587852,0.0038405715852,0.0038119503852,0.0037929375852,0.0021294406152,0.0021601844352,0.0019936347552,0.0020866791552,0.004173793328,0.0021112978752,0.0021127636152,0.0038403981852,0.0020542655952,0.0019950311352,0.0021120587952,0.0037861341852,0.0024973076952,0.0038039331852,0.0038511285852,0.0019939285152,0.0021127472952,0.0037920399852,0.0030911433312,0.0024797290152,0.0019701094752,0.0038176623852,0.0038124705852,0.0021126942552,0.0021592664352,0.0020764934352,0.0023179019352,0.0039387771852,0.0038071053852,0.0021581046552,0.0019908399552,0.0041081481852,0.0038512611852,0.0039790671852,0.0037861035852,0.0037899999852,0.0020583200952,0.0021041160552,0.0021122729952,0.0037939065852,0.0037935291852,0.0021130849152,0.0020808029352,0.0019948985352,0.0021577364352,0.0020538086352,0.0037886433852,0.0038557797852,0.0038445495852,0.0037841043852,0.0020856917952,0.0037870113852,0.0020135482152,0.0024805511352,0.0038090331852,0.0037929987852,0.0037932129852,0.0037900815852,0.0023630169272,0.00201819438,0.002067566024,0.0021132784824,0.0041965828088,0.0039885416076,0.0022383502304,0.0022071593992,0.0038020967324,0.0037943757852,0.0043413579964,0.0021396681704
0.0025637732752,0.002425176924,0.0024720854752,0.0025579001152,0.0027081369352,0.0025593729952,0.0025646045752,0.0025526889352,0.0025646045752,0.0025719220552,0.0025929656752,0.0027082715752,0.0026157259552,0.0025711682752,0.0025548227752,0.002496336204,0.002527080024,0.002360530344,0.002453574744,0.0045406945312,0.002478193464,0.002479659204,0.0024816775552,0.002421162204,0.002361926724,0.002478954384,0.0025612905952,0.0023386262104,0.0025790824552,0.0024711613552,0.002360824104,0.002479642884,0.0025671892552,0.0029324659264,0.0023210485504,0.002337006084,0.0025928157352,0.0025716823552,0.002479589844,0.002526162024,0.002443389024,0.0024662628904,0.0026979858952,0.0025663181752,0.002525000244,0.002357735544,0.0027222904552,0.0024720140752,0.0023427219352,0.0025612569352,0.0025651502752,0.002425215684,0.002471011644,0.002479168584,0.0025690568752,0.0025686835552,0.002479980504,0.002447698524,0.002361795144,0.002524632024,0.002420704224,0.0025637977552,0.0024753923152,0.0026196988552,0.0025592587552,0.002452587384,0.0025621626952,0.002380444824,0.0023218706704,0.0025841844952,0.0025681500952,0.0025683602152,0.0025652369752,0.002729912516,0.0023850899688,0.0024344616128,0.0024801740712,0.004563484012,0.0027477554176,0.0026052514336,0.0025740606024,0.0025772490624,0.0025695250552,0.0031165190008,0.0025065637592
0.0024041218068,0.00101085399008,0.0024668303868,0.00238464588152,0.0025644239868,0.0023997215268,0.0024049541268,0.0023930374668,0.0024049541268,0.0024122705868,0.0024333142068,0.0025645586268,0.0024560744868,0.0024274553268,0.0024084384468,0.00109090155008,0.00116324709008,0.00114312045008,0.00108234273008,0.0033232807072,0.00111436053008,0.00111582627008,0.0024558990468,0.00102366621008,0.00114451683008,0.00111512145008,0.0024016391268,0.0011371998768,0.0024194309868,0.0024666325068,0.00114341523008,0.00111580995008,0.0024075377868,0.0014109516796,0.0011196222168,0.00111959619008,0.0024331642668,0.0024279694068,0.00111575691008,0.00116232909008,0.00122597913008,0.000451350444,0.0025542729468,0.0024226052268,0.00116116731008,0.00109186851008,0.0027236531268,0.0024667630668,0.0025945680468,0.0024016054668,0.0024054988068,0.00101105431824,0.00107623293008,0.00111533565008,0.0024094054068,0.0024090320868,0.00111614757008,0.00108733971008,0.00114438525008,0.00116079909008,0.00102341427008,0.0024041462868,0.0024712837068,0.0024600473868,0.0023996072868,0.00108875445008,0.0024025112268,0.00107111763008,0.0011204443368,0.0024245330268,0.0024084986268,0.0024087087468,0.0024055855068,0.00136607902064,0.00134583297544,0.00102359909184,0.00111634169872,0.003346071208,0.00260404359208,0.00124141625392,0.00121022486128,0.00241759871688,0.0024098735868,0.002956861918,0.00114273138672
0.00262832114456,0.00088909325156,0.00269102972456,0.00260884521928,0.00278862332456,0.00262392086456,0.00262915244456,0.00261723680456,0.00262915244456,0.00263646992456,0.00265751354456,0.00278875592456,0.00268027382456,0.00265165466456,0.00263263676456,0.00070496008,0.00104148635156,0.00102136073156,0.00096058199156,0.0032015198658,0.00099259979156,0.00099406655156,0.00268009736456,0.00090190649156,0.00102275711156,0.00099336173156,0.00262583846456,0.00133700789156,0.00264363032456,0.00269083184456,0.00102165449156,0.00099405023156,0.00263173712456,0.001930847149,0.00131942921156,0.00099783545156,0.00265736360456,0.00265216874456,0.00099399719156,0.00104056937156,0.00110421941156,0.00115760213156,0.00277847432456,0.00264680456456,0.00103940759156,0.00097010879156,0.00294785552456,0.00269096240456,0.00281876432456,0.00262580480456,0.00262969814456,0.00088929459972,0.00095447219156,0.00099357593156,0.00263360474456,0.00263323142456,0.00099438683156,0.00096557897156,0.00102262451156,0.00103903937156,0.00090165455156,0.00262834562456,0.00269548202456,0.00268424672456,0.00262380662456,0.00096699371156,0.00262671056456,0.00094935689156,0.00132025235156,0.00264873236456,0.00263269796456,0.00263290808456,0.00262978484456,0.001244320425,0.00122508551992,0.00090183937332,0.00099458254164,0.003224314961,0.00282823986984,0.0011196593426,0.0010884646842,0.00264179805464,0.00263407292456,0.0031810658972,0.0010209716682
0.00265513967528,0.00092479904528,0.00271784927528,0.00263566579,0.00281544287528,0.00265074347528,0.00265596587528,0.00264405227528,0.00265596587528,0.00266328947528,0.00268433207528,0.00281557547528,0.00270708827528,0.00267847727528,0.00265945427528,0.00099595832528,0.00102670112528,0.00086015144528,0.00095319686528,0.0030403117024,0.00097781558528,0.00097928132528,0.00270691487528,0.00092078330528,0.00086154884528,0.00097857650528,0.00265266107528,0.00136382438528,0.00267044987528,0.00271764527528,0.00086044622528,0.00097926500528,0.00265855667528,0.0019576657856,0.00134624672528,0.00083662718528,0.00268417907528,0.00267898727528,0.00097921196528,0.00102578414528,0.00094301114528,0.00118441964528,0.00280529387528,0.00267362207528,0.00102462236528,0.00085735766528,0.00297466487528,0.00271777787528,0.00284558387528,0.00265262027528,0.00265651667528,0.00092483678528,0.00097063376528,0.00097879070528,0.00266042327528,0.00266004587528,0.00097960262528,0.00094732064528,0.00086141624528,0.00102425414528,0.00092032634528,0.00265516007528,0.00272229647528,0.00271106627528,0.00265062107528,0.00095220848528,0.00265352807528,0.00088006592528,0.00134706884528,0.00267554987528,0.00265951547528,0.00265972967528,0.00265659827528,0.0012295363216,0.0008847137744,0.00093408654128,0.00097979675392,0.0030631022032,0.002855059982,0.0011048696248,0.0010736787936,0.00266861454536,0.00266089247528,0.0032078763708,0.0010061875648
0.00185422456136,0.00098330369036,0.00191693314136,0.00183474863608,0.00201452674136,0.00184982428136,0.00185505586136,0.00184314022136,0.00185505586136,0.00186237334136,0.00188341696136,0.00201466138136,0.00190617826136,0.00187755808136,0.00185854120136,0.00092063795036,0.00106491287036,0.00107604209036,0.00098400851036,0.0032868397318,0.00101602631036,0.00101749205036,0.00190600180136,0.00098722865036,0.00107612879036,0.00101678723036,0.00185174188136,0.00058730297036,0.00186953374136,0.00191673526136,0.00107587889036,0.00101747573036,0.00185764054136,0.001181146055,0.00056972531036,0.00108315761036,0.00188326702136,0.00187807216136,0.00101742371036,0.00106399487036,0.00118954157036,0.00071493965036,0.00200437672136,0.00187270798136,0.00106283309036,0.00105543095036,0.00217375588136,0.00191686582136,0.00204467080136,0.00185170822136,0.00185560156136,0.00098346077036,0.00097789871036,0.00101700245036,0.00185950816136,0.00185913484136,0.00101781335036,0.00098900549036,0.00107628179036,0.00106246487036,0.00098697671036,0.00185424904136,0.00192138646136,0.00191015014136,0.00184971004136,0.00099042023036,0.00185261398136,0.00103467905036,0.00057054743036,0.00187463578136,0.00185860138136,0.00185881150136,0.00185568826136,0.00126774480092,0.00109957707372,0.00099720914396,0.001018007479,0.0033096302326,0.00205414634664,0.0011430820342,0.00111189064156,0.00186770147144,0.00185997634136,0.0024069680412,0.001044397167
0.000963303888,0.0011711443232,0.000871616088,0.000957431748,0.001107668568,0.000958903608,0.000964136208,0.000952219548,0.000964136208,0.000971452668,0.000992496288,0.001107802188,0.001015257588,0.000970698888,0.000954353388,0.0011084785832,0.0012527535032,0.0012638827232,0.0011718491432,0.003474684136,0.0012038669432,0.0012053337032,0.000881209188,0.0011750692832,0.0012639694232,0.0012046278632,0.000960821208,0.0007751436032,0.000978613068,0.000870691968,0.0012637205432,0.0012053163632,0.000966719868,0.0013689833192,0.0007575659432,0.0012709982432,0.000992346348,0.000971212968,0.0012052643432,0.0012518365232,0.0013773822032,0.0009027802832,0.001097517528,0.000965848788,0.0012506737232,0.0012432715832,0.001121822088,0.000871544688,0.000742253568,0.000960788568,0.000964680888,0.0011713014032,0.0011657393432,0.0012048430832,0.000968588508,0.000968214168,0.0012056539832,0.0011768461232,0.0012641224232,0.0012503055032,0.0011748173432,0.000963328368,0.000874922928,0.001019229468,0.000958790388,0.0011782608632,0.000961693308,0.0012225196832,0.0007583880632,0.000983715108,0.000967680708,0.000967891848,0.000964767588,0.0014555859952,0.001287418268,0.0011850469696,0.0012058475504,0.0034974746368,0.0011472916448,0.0013309192984,0.0012997284672,0.0009767852896,0.000969055668,0.0015160506336,0.0012322372384
0.00227325023152,0.00199514540152,0.00233595881152,0.00225377430624,0.00243355241152,0.00226884995152,0.00227408153152,0.00226216589152,0.00227408153152,0.00228139901152,0.00230244263152,0.00243368705152,0.00232520291152,0.00229658375152,0.00227756585152,0.00200440904152,0.00200408060152,0.00201520880152,0.00192489698152,0.0042627627044,0.00191054876152,0.00191201450152,0.00232502645152,0.00199907036152,0.00201529652152,0.00191130968152,0.00227076755152,0.00237227612152,0.00228855941152,0.00233576093152,0.00201504662152,0.00191199818152,0.00227666519152,0.0007378140184,0.00235469744152,0.00205907594152,0.00230229269152,0.00229709783152,0.00191194514152,0.00197090318152,0.00216545990152,0.00219287036152,0.00242340137152,0.00229173365152,0.00200200082152,0.00206727266152,0.00259278053152,0.00233589149152,0.00246369647152,0.00227073389152,0.00227462723152,0.00199530248152,0.00194233388152,0.00192903524152,0.00227853383152,0.00227816051152,0.00191233580152,0.00192817322152,0.00201544952152,0.00200163260152,0.00199881842152,0.00227327471152,0.00234041111152,0.00232917479152,0.00226873571152,0.00192958796152,0.00227163863152,0.00204652076152,0.00235551956152,0.00229366145152,0.00227762705152,0.00227783717152,0.00227471393152,0.0021816442308,0.00203874480488,0.00200905141656,0.0019125304916,0.0042855532052,0.0024731720168,0.0020376050468,0.00201879849416,0.0022867271416,0.00227900201152,0.0028259942728,0.0019835654596
0.00229869054808,0.00056835032608,0.00236139912808,0.0022792146228,0.00245899272808,0.00229429026808,0.00229952184808,0.00228760620808,0.00229952184808,0.00230683932808,0.00232788294808,0.00245912736808,0.00235064322808,0.00232202406808,0.00230300616808,0.00063951021808,0.00071185473808,0.00068378841808,0.00063095037808,0.0028639514824,0.00066296817808,0.00066443493808,0.00235046676808,0.00055553718808,0.00068518581808,0.00066372909808,0.00229620786808,0.00100737627808,0.00231399972808,0.00236120124808,0.00068408319808,0.00066441861808,0.00230210550808,0.0016012138512,0.00098979759808,0.00066026415808,0.00232773300808,0.00232253814808,0.00066436557808,0.00071093775808,0.00076664811808,0.00082797051808,0.00244884168808,0.00231717396808,0.00070977597808,0.00063253749808,0.00261821778808,0.00236133180808,0.00248913678808,0.00229617420808,0.00230006754808,0.00056838857608,0.00062484057808,0.00066394431808,0.00230397414808,0.00230360082808,0.00066475521808,0.00063594735808,0.00068505321808,0.00070940673808,0.00055697211648,0.00229871502808,0.00236585142808,0.00235461612808,0.00229417602808,0.00063736209808,0.00229707894808,0.00061178559808,0.00099062073808,0.00231910176808,0.00230306736808,0.00230327748808,0.00230015424808,0.0009146871272,0.00070834850144,0.00056820584176,0.00066495092816,0.0028867419832,0.00249861233336,0.0007900260448,0.00075883307072,0.00231216745816,0.00230444232808,0.0028514351508,0.00069134005472
0.0023398391908,0.0006094995808,0.0024025487908,0.00232036530552,0.0025001423908,0.0023354429908,0.0023406755908,0.0023287517908,0.0023406755908,0.0023479889908,0.0023690315908,0.0025002749908,0.0023917877908,0.0023631767908,0.0023441537908,0.0006806588608,0.0007114016608,0.0005448530008,0.0006378974008,0.0027250133608,0.0006625161208,0.0006639818608,0.0023916143908,0.0006054838408,0.0005462493808,0.0006632770408,0.0023373605908,0.0010485259408,0.0023551493908,0.0024023549908,0.0005451467608,0.0006639655408,0.0023432561908,0.001642367444,0.0010309472608,0.0005213277208,0.0023688785908,0.0023636867908,0.0006639125008,0.0007104846808,0.0006277116808,0.0008691201808,0.0024899933908,0.0023583215908,0.0007093229008,0.0005420582008,0.0026593745908,0.0024024773908,0.0025302833908,0.0023373197908,0.0023412161908,0.0006095373208,0.0006553343008,0.0006634912408,0.0023451227908,0.0023447453908,0.0006643031608,0.0006320211808,0.0005461167808,0.0007089546808,0.0006050268808,0.0023398595908,0.0024069959908,0.0023957657908,0.0023353205908,0.0006369090208,0.0023382275908,0.0005647664608,0.0010317693808,0.0023602493908,0.0023442149908,0.0023444291908,0.0023413079908,0.00091423461136,0.00056941206416,0.0006187870768,0.00066449785088,0.0027478038616,0.00253975893608,0.00078957184464,0.000758380452,0.00235331406088,0.0023455919908,0.0028925872092,0.00069088697744
0.00215777386456,0.00042743425456,0.00222048244456,0.00213829737784,0.00231807604456,0.00215337460456,0.00215860618456,0.00214668952456,0.00215860618456,0.00216592264456,0.00218696626456,0.00231820864456,0.00220972756456,0.00218110738456,0.00216209050456,0.00049859353456,0.00057093907456,0.00041124481456,0.00049003471456,0.0025914039488,0.00052205251456,0.00052351825456,0.00220955110456,0.00042341851456,0.00041264119456,0.00052281343456,0.00215529118456,0.00086646061456,0.00217308304456,0.00222028456456,0.00041153857456,0.00052350193456,0.00216118984456,0.001460299872,0.00084888193456,0.00038771984056,0.00218681632456,0.00218162248456,0.00052344991456,0.00057002107456,0.00049410349456,0.00068705485456,0.00230792704456,0.00217625830456,0.00056885929456,0.00034641891856,0.00247730824456,0.00222041512456,0.00234821704456,0.00215525854456,0.00215915188456,0.00042747199456,0.00048392491456,0.00052302763456,0.00216305848456,0.00216268516456,0.00052383955456,0.00049503169456,0.00041250859456,0.00056849107456,0.00042296155456,0.00215779834456,0.00222493576456,0.00221369944456,0.00215326036456,0.00049644643456,0.00215616328456,0.00038270144056,0.00084970405456,0.00217818508456,0.00216215170456,0.00216236182456,0.00215923858456,0.00077377100512,0.00043580331648,0.00043672175056,0.0005240336832,0.0026141934296,0.00235769258984,0.0006491082384,0.00061791684576,0.00217125179464,0.00216352666456,0.0027105186172,0.0005504233712
0.0026823592268,0.0009520175768,0.0027450688268,0.0026628836572,0.0028426624268,0.0026779528268,0.0026831854268,0.0026712718268,0.0026831854268,0.0026905090268,0.0027115516268,0.0028427950268,0.0027343078268,0.0027056866268,0.0026866738268,0.0010231768568,0.0010539196568,0.0008873699768,0.0009804143768,0.003067534164,0.0010050330968,0.0010064998568,0.0027341344268,0.0009480018368,0.0008887663568,0.0010057940168,0.0026798704268,0.0013910429168,0.0026976694268,0.0027448648268,0.0008876647568,0.0010064825168,0.0026857762268,0.0019848826328,0.0013734652568,0.0008638457168,0.0027113986268,0.0027062068268,0.0010064304968,0.0010530026768,0.0009702286568,0.0012116371568,0.0028325134268,0.0027008416268,0.0010518398768,0.0008845751768,0.0030018844268,0.0027449974268,0.0028728034268,0.0026798398268,0.0026837362268,0.0009520553168,0.0009978512768,0.0010060092368,0.0026876428268,0.0026872654268,0.0010068201368,0.0009745391768,0.0008886347768,0.0010514716568,0.0009475438568,0.0026823796268,0.0027495160268,0.0027382858268,0.0026778406268,0.0009794270168,0.0026807476268,0.0009072844568,0.0013742873768,0.0027027694268,0.0026867350268,0.0026869492268,0.0026838178268,0.0012567521488,0.0009119296016,0.00096130788,0.001007013704,0.0029186848608,0.0028822778492,0.0011320910664,0.0011009002352,0.002695832974,0.0026881120268,0.0032350998524,0.001033403392
0.00229773905416,0.00056739944416,0.00236044763416,0.00227826312888,0.00245804327416,0.00229333877416,0.00229857035416,0.00228665471416,0.00229857035416,0.00230588783416,0.00232693145416,0.00245817587416,0.00234969173416,0.00232107257416,0.00230205467416,0.00063855872416,0.00066930152416,0.00050275184416,0.00059579624416,0.0026691570456,0.00062041496416,0.00062188070416,0.00234951527416,0.00056338370416,0.00050414822416,0.00062117588416,0.00229525637416,0.00100642478416,0.00231304823416,0.00236024975416,0.00050304560416,0.00062186438416,0.00230115503416,0.0016002678688,0.00098884712416,0.00045865642816,0.00232678151416,0.00232158665416,0.00062181236416,0.00066838454416,0.00057185378416,0.00082701902416,0.00244789427416,0.00231622247416,0.00066722174416,0.00049995704416,0.00261726527416,0.00236038031416,0.00248818427416,0.00229522271416,0.00229911605416,0.00056743718416,0.00061323314416,0.00062139110416,0.00230302265416,0.00230264933416,0.00062220200416,0.00058992104416,0.00050401664416,0.00066685352416,0.00056292572416,0.00229776353416,0.00236490095416,0.00235366463416,0.00229322453416,0.00059480888416,0.00229612847416,0.00052266632416,0.00098966924416,0.00231815027416,0.00230211587416,0.00230232599416,0.00229920275416,0.00087213345472,0.00052731090752,0.00057668694016,0.00062239669424,0.0026919475464,0.00249765981944,0.000747470688,0.0007162798568,0.00231121596424,0.00230349083416,0.002850478454,0.00064878638224
0.0036505565196,0.0019202220096,0.0037132661196,0.00363108095,0.0038108597196,0.0036461603196,0.0036513929196,0.0036394793196,0.0036513929196,0.0036587063196,0.0036797489196,0.0038110025196,0.0037025153196,0.0036738941196,0.0036548813196,0.0019913812896,0.0020221240896,0.0018555744096,0.0019486188096,0.003109886932,0.0019732375296,0.0019747042896,0.0037023419196,0.0019162062696,0.0018569707896,0.0019739984496,0.0036480779196,0.0023592473496,0.0036658667196,0.0037130723196,0.0018558691896,0.0019746869496,0.0036539735196,0.0029530870656,0.0023416696896,0.0018320501496,0.0036796061196,0.0036744143196,0.0019746349296,0.0020212071096,0.0019384330896,0.0021798426096,0.0038007107196,0.0036690491196,0.0020200453296,0.0018527796096,0.0039700919196,0.0037132049196,0.0038410109196,0.0036480473196,0.0036519437196,0.0019202597496,0.0019660557096,0.0019742136696,0.0036558503196,0.0036554729196,0.0019750245696,0.0019427436096,0.0018568392096,0.0020196760896,0.0019157482896,0.0036505871196,0.0037177235196,0.0037064831196,0.0036460481196,0.0019476314496,0.0036489551196,0.0018754888896,0.0023424918096,0.0036709769196,0.0036549425196,0.0036551465196,0.0036520253196,0.0022249565816,0.0018801350544,0.0019295123128,0.0019752181368,0.0030938131176,0.003850485342,0.0021002954992,0.002069104668,0.0036640404668,0.0036563093196,0.0042033073452,0.0020016088448
0.00202862900984,0.00029828939984,0.00209133758984,0.00200915308456,0.00218893628984,0.00202422872984,0.00202946132984,0.00201754466984,0.00202946132984,0.00203677778984,0.00205782140984,0.00218906888984,0.00208058270984,0.00205196252984,0.00203294564984,0.00036944867984,0.00040019147984,0.00023364200384,0.00032668619984,0.0024000458784,0.00035130491984,0.00035277167984,0.00208040624984,0.00029427365984,0.00023503858784,0.00035206583984,0.00202614632984,0.00073731473984,0.00204393818984,0.00209113970984,0.00023393617184,0.00035275535984,0.00203204498984,0.0013311567016,0.00071973707984,0.00018954648584,0.00205767146984,0.00205247660984,0.00035270231984,0.00039927449984,0.00030274475984,0.00055790999984,0.00217877708984,0.00204711242984,0.00039811271984,0.00023084750984,0.00234815828984,0.00209127026984,0.00221907728984,0.00202611266984,0.00203000600984,0.00029832713984,0.00034412309984,0.00035228105984,0.00203391260984,0.00203353928984,0.00035309195984,0.00032081099984,0.00023490649784,0.00039774347984,0.00029381567984,0.00202865348984,0.00209579090984,0.00208455458984,0.00202411448984,0.00032569883984,0.00202701842984,0.00025355617784,0.00072055919984,0.00204904022984,0.00203300582984,0.00203321594984,0.00203009270984,0.0006030234104,0.00025820081176,0.00030757689584,0.00035328608848,0.0024228363792,0.00222855283512,0.00047836166368,0.00044716925104,0.00204210591992,0.00203438078984,0.0025813703468,0.00037967679648
0.00188135042888,0.00021290666288,0.00194405900888,0.0018618745036,0.00204165362888,0.00187695116888,0.00188218274888,0.00187026608888,0.00188218274888,0.00188949920888,0.00191054282888,0.00204178724888,0.00193330412888,0.00190468496888,0.00188566706888,0.00022217030288,0.00024710909888,0.00025823729888,0.00016620484088,0.0025057917632,0.00019822243688,0.00019968858488,0.00193312766888,0.00021683111288,0.00025832501888,0.00019898356088,0.00187886876888,0.00059003717888,0.00189665960888,0.00194386214888,0.00025807511888,0.00019967226488,0.00188476640888,0.001183874752,0.00057245849888,0.00030210443888,0.00191039390888,0.00190519904888,0.00019961942888,0.00024619109888,0.00040848839888,0.00041063141888,0.00203150258888,0.00189983486888,0.00024502931888,0.00028503371888,0.00220088276888,0.00194399168888,0.00207179768888,0.00187883510888,0.00188272844888,0.00021306374288,0.00014752751888,0.00019919816888,0.00188663504888,0.00188626172888,0.00020000957888,0.00017120161688,0.00025847801888,0.00024466109888,0.00021657907088,0.00188137490888,0.00194851232888,0.00193727600888,0.00187683692888,0.00017261635688,0.00187973984888,0.00026428181888,0.00057328061888,0.00190176164888,0.00188572826888,0.00188593838888,0.00188281514888,0.00044994102944,0.00028177330224,0.00022681196392,0.00020020437096,0.002528582264,0.00208127221416,0.00032527846672,0.00029408743152,0.00189482835896,0.00188710322888,0.00243409436728,0.00022659426296
0.00195469319624,0.00022435358624,0.00201740177624,0.00193521727096,0.00211499537624,0.00195029291624,0.00195552551624,0.00194360885624,0.00195552551624,0.00196284197624,0.00198388559624,0.00211512797624,0.00200664689624,0.00197802671624,0.00195900983624,0.00029551286624,0.00036785840624,0.00020816343224,0.00028695404624,0.0023883239448,0.00031897184624,0.00032043758624,0.00200647043624,0.00022033794824,0.00020956001624,0.00031973276624,0.00195221051624,0.00066337892624,0.00197000237624,0.00201720389624,0.00020845760024,0.00032042126624,0.00195810917624,0.001257220888,0.00064580126624,0.00018463886624,0.00198373565624,0.00197854079624,0.00032036822624,0.00036694040624,0.00029102282624,0.00048397418624,0.00210484535624,0.00197317661624,0.00036577862624,0.00014333794424,0.00227422757624,0.00201733445624,0.00214513637624,0.00195217685624,0.00195607019624,0.00022439132624,0.00028084322624,0.00031994696624,0.00195997679624,0.00195960347624,0.00032075888624,0.00029195102624,0.00020942802824,0.00036541040624,0.00021988037624,0.00195471767624,0.00202185509624,0.00201061877624,0.00195017969624,0.00029336576624,0.00195308261624,0.00017962046624,0.00064662338624,0.00197510441624,0.00195907001624,0.00195928013624,0.00195615689624,0.0005706903368,0.00023272234216,0.00023364087824,0.00032095301488,0.0024111144456,0.00215461192152,0.00044602757008,0.00041483617744,0.00196817010632,0.00196044497624,0.0025074355532,0.00034734270288
0.003731156886,0.002000814216,0.003793866486,0.0037116813164,0.003891460086,0.003726750486,0.003731983086,0.003720069486,0.003731983086,0.003739306686,0.003760349286,0.003891592686,0.003783105486,0.003754484286,0.003735471486,0.002071973496,0.002102717316,0.001936167636,0.002029212036,0.0018986246208,0.002053830756,0.002055296496,0.003782932086,0.001996798476,0.001937564016,0.002054591676,0.003728668086,0.002439840576,0.003746467086,0.003793662486,0.001936461396,0.002055280176,0.003734573886,0.003033677232,0.002422261896,0.001898885616,0.003760196286,0.003755004486,0.002055227136,0.002101799316,0.001785688056,0.002260434816,0.003881300886,0.003749639286,0.002100637536,0.001933372836,0.004050682086,0.003793795086,0.003921601086,0.003728637486,0.003732533886,0.002000852976,0.002046648936,0.002054805876,0.003736440486,0.003736063086,0.002055617796,0.002023335816,0.001937431416,0.002100269316,0.001996341516,0.003731177286,0.003798313686,0.003787083486,0.003726638286,0.002028224676,0.003729545286,0.001956081096,0.002423084016,0.003751567086,0.003735532686,0.003735736686,0.003732615486,0.0023055441936,0.0019607216464,0.0020100989048,0.0020558113632,0.0018825508064,0.0039310755084,0.0021808831112,0.00214969228,0.0037446306332,0.003736909686,0.0042838918972,0.0020822010512
0.00218931968936,0.00045897905936,0.00225202826936,0.00216984376408,0.00234962594936,0.00218491940936,0.00219015098936,0.00217823534936,0.00219015098936,0.00219746846936,0.00221851208936,0.00234975854936,0.00224127236936,0.00221265320936,0.00219363530936,0.00053013935936,0.00056088215936,0.00039433247936,0.00048737687936,0.0025607376808,0.00051199559936,0.00051346133936,0.00224109590936,0.00045496433936,0.00039572906336,0.00051275651936,0.00218683700936,0.00089800541936,0.00220462886936,0.00225183038936,0.00039462674936,0.00051344501936,0.00219273566936,0.001491847484,0.00088042673936,0.00035023706336,0.00221836214936,0.00221316728936,0.00051339299936,0.00055996415936,0.00046343441936,0.00071859965936,0.00233946674936,0.00220780310936,0.00055880237936,0.00039153798536,0.00250884794936,0.00225196094936,0.00237976694936,0.00218680334936,0.00219069668936,0.00045901781936,0.00050481377936,0.00051297173936,0.00219460328936,0.00219422996936,0.00051378263936,0.00048150167936,0.00039559707536,0.00055843415936,0.00045450635936,0.00218934416936,0.00225648158936,0.00224524526936,0.00218480516936,0.00048638951936,0.00218770910936,0.00041424695936,0.00088124987936,0.00220973090936,0.00219369650936,0.00219390662936,0.00219078338936,0.00076371408992,0.00041889154272,0.00046826757536,0.000513976768,0.0025835281816,0.00238924249464,0.0006390513232,0.00060785993056,0.00220279659944,0.00219507146936,0.0027420611292,0.000540366456
0.00188589857674,0.000144553941312,0.00194860715674,0.00186642253917,0.00204620279674,0.00188149829674,0.00188672987674,0.00187481423674,0.00188672987674,0.00189404735674,0.00191509097674,0.00204633539674,0.00193785125674,0.00190923209674,0.00189021419674,0.000226718246736,0.000220710446736,5.3931899136e-05,0.000147205166736,0.00230171248,0.000171823886736,0.000173289626736,0.00193767479674,0.000140538609312,5.5557299736e-05,0.000172584806736,0.00188341589674,0.000594584306736,0.00190120775674,0.00194840927674,5.4454914336e-05,0.000173273306736,0.00188931353674,0.00118842418176,0.000577005626736,9.8027396736e-05,0.00191494103674,0.00190974617674,0.000173221286736,0.000219792446736,0.000204410846736,0.000415178546736,0.00203604971674,0.00190438199674,0.000218630666736,6.3538584912e-05,0.00220542479674,0.00194853983674,0.00207634379674,0.00188338223674,0.00188727557674,0.000144592191312,0.000164642066736,0.000172799006736,0.00189118217674,0.00189080885674,0.000173610926736,0.000141329456736,5.5425250536e-05,0.000218262446736,0.000140081037312,0.00188592305674,0.00195305945674,0.00194182313674,0.00188138405674,0.000146217704736,0.00188428697674,9.9821127312e-05,0.000577828766736,0.00190630979674,0.00189027539674,0.00189048551674,0.00188736227674,0.00042354243344,7.872019224e-05,0.0001538417536,0.000173805336096,0.0023245019608,0.00208581939816,0.00029887966672,0.00026768827408,0.00189937548682,0.00189165035674,0.00243864098984,0.00020019479952
0.00197514930872,0.00027647355872,0.00203785788872,0.00195567338344,0.00213545556872,0.00197074902872,0.00197598060872,0.00196406496872,0.00197598060872,0.00198329808872,0.00200434170872,0.00213558816872,0.00202710198872,0.00199848282872,0.00197946594872,0.00031596897872,0.00030996117872,0.00014443568072,0.00023645589872,0.0023919894816,0.00026107461872,0.00026254035872,0.00202692552872,0.00027245883872,0.00014480818472,0.00026183553872,0.00197266662872,0.00068383503872,0.00199045848872,0.00203766000872,0.00014427350072,0.00026252403872,0.00197856528872,0.0012776786848,0.00066625737872,0.00018830241272,0.00200419176872,0.00199899690872,0.00026247201872,0.00030904419872,0.00029468565872,0.00050442927872,0.00212529636872,0.00199363272872,0.00030788139872,0.00020903248472,0.00229467756872,0.00203779056872,0.00216559656872,0.00197263296872,0.00197652630872,0.00027651231872,0.00025389279872,0.00026205075872,0.00198043290872,0.00198005958872,0.00026286165872,0.00023058069872,0.00014294240072,0.00030751317872,0.00027200085872,0.00197517378872,0.00204231120872,0.00203107488872,0.00197063478872,0.00023546853872,0.00197353872872,0.00023174145872,0.00066707949872,0.00199556052872,0.00197952612872,0.00197973624872,0.00197661300872,0.00051279310928,0.00012802468024,0.00028576207472,0.0002630563488,0.0024147799824,0.002175072114,0.00038813034256,0.00035693951136,0.0019886262188,0.00198090108872,0.00252789222712,0.0002894460368
0.00211127376584,0.00038093415584,0.00217397928584,0.00209179727912,0.00227157288584,0.00210687348584,0.00211210506584,0.00210018942584,0.00211210506584,0.00211942254584,0.00214046208584,0.00227170548584,0.00216322848584,0.00213460728584,0.00211559040584,0.00045209343584,0.00048283623584,0.00031628655584,0.00040933095584,0.0022579901656,0.00043394967584,0.00043541643584,0.00216305508584,0.00037691841584,0.00031768293584,0.00043471059584,0.00210879108584,0.00081995949584,0.00212658294584,0.00217378548584,0.00031658133584,0.00043539909584,0.00211468974584,0.0014137986504,0.00080238183584,0.00027900555584,0.00214031928584,0.00213511728584,0.00043534707584,0.00048191925584,0.00016580768984,0.00064055475584,0.00226142388584,0.00212975718584,0.00048075645584,0.00031349175584,0.00243080508584,0.00217391808584,0.00230172408584,0.00210875742584,0.00211265076584,0.00038097189584,0.00042676785584,0.00043492581584,0.00211655736584,0.00211618404584,0.00043573671584,0.00040345575584,0.00031755135584,0.00048038823584,0.00037646043584,0.00211129824584,0.00217843668584,0.00216719628584,0.00210675924584,0.00040834359584,0.00210966318584,0.00033620103584,0.00080320395584,0.00213168498584,0.00211565058584,0.00211586070584,0.00211273746584,0.0006856681664,0.00034084505776,0.0003902210904,0.00043593084448,0.0022807806664,0.00231119906968,0.00056100539968,0.00052981400704,0.00212475011448,0.00211702554584,0.0026640143356,0.00046232053248
0.0008412918008,0.0025499166308,0.0007496040008,0.0008354196608,0.0009856564808,0.0008368915208,0.0008421241208,0.0008302074608,0.0008421241208,0.0008494405808,0.0008704842008,0.0009857901008,0.0008932455008,0.0008486868008,0.0008323413008,0.0024872498708,0.0026315217308,0.0026426499308,0.0025506214508,0.004853461038,0.0025826392508,0.0025841049908,0.0007591971008,0.0025538405708,0.0026427417308,0.0025834001708,0.0008388091208,0.0021539159108,0.0008566009808,0.0007486798808,0.0026424969308,0.0025840886708,0.0008447077808,0.0027477602212,0.0021363372308,0.0026497695308,0.0008703342608,0.0008492019008,0.0025840356308,0.0026306037308,0.0027561555308,0.0022815525908,0.0009755054408,0.0008438367008,0.0026294511308,0.0026220459308,0.0010052802608,0.0007495326008,0.0008761962008,0.0008387764808,0.0008426698208,0.0025500737108,0.0025445116508,0.0025836143708,0.0008465764208,0.0008462031008,0.0025844262908,0.0025556184308,0.0026428947308,0.0026290737308,0.0025535886308,0.0008413162808,0.0007435268408,0.0008972173808,0.0008367783008,0.0025570331708,0.0008396812208,0.0026012919908,0.0021371603708,0.0008617030208,0.0008456696408,0.0008458797608,0.0008427565208,0.0028343593228,0.0026661926156,0.0025638238716,0.0025846254724,0.0048762515388,0.0010252795576,0.0027096972204,0.0026785094492,0.0008547732024,0.0008470446008,0.0013940385464,0.0026110151604
0.0040626946972,0.0023323550872,0.0041254042972,0.0040432191276,0.0042229978972,0.0040582984972,0.0040635310972,0.0040516072972,0.0040635310972,0.0040708444972,0.0040918870972,0.0042231304972,0.0041146432972,0.0040860322972,0.0040670092972,0.0024035143672,0.0024342581872,0.0022677085072,0.0023607529072,2.0878257696e-05,0.0023853716272,0.0023868373672,0.0041144698972,0.0023283393472,0.0022691048872,0.0023861325472,0.0040602160972,0.0027713814472,0.0040780048972,0.0041252104972,0.0022680022672,0.0023868210472,0.0040661116972,0.0033652252432,0.0027538027672,0.0022304264872,0.0040917340972,0.0040865422972,0.0023867680072,0.0024333401872,0.0021172289272,0.0025919756872,0.0042128488972,0.0040811770972,0.0024321784072,0.0022649137072,0.0043822300972,0.0041253328972,0.0042531388972,0.0040601752972,0.0040640716972,0.0023323938472,0.0023781898072,0.0023863467472,0.0040679782972,0.0040676008972,0.0023871586672,0.0023548766872,0.0022689722872,0.0024318101872,0.0023278823872,0.0040627150972,0.0041298616972,0.0041186212972,0.0040581760972,0.0023597655472,0.0040610830972,0.0022876219672,0.0027546248872,0.0040831048972,0.0040670704972,0.0040672846972,0.0040641634972,0.0026370850648,0.0022922625176,0.002341639776,0.0023873522344,2.646528504e-05,0.0042626133196,0.0025124239824,0.0024812331512,0.0040761684444,0.0040684474972,0.0046154399084,0.0024137419224
0.002695659734,0.000965317064,0.002758369334,0.0026761841644,0.002855962934,0.002691253334,0.002696485934,0.002684572334,0.002696485934,0.002703809534,0.002724852134,0.002856095534,0.002747608334,0.002718987134,0.002699974334,0.001036476344,0.001067220164,0.000900670484,0.000993714884,0.0016022404552,0.001018333604,0.001019799344,0.002747434934,0.000961302344,0.000902066864,0.001019094524,0.002693170934,0.001404343424,0.002710969934,0.002758165334,0.000900964244,0.001019783024,0.002699076734,0.00199818212,0.001386764744,0.000863389484,0.002724699134,0.002719507334,0.001019729984,0.001066302164,0.000750190904,0.001224937664,0.002845813934,0.002714142134,0.001065140384,0.000897875684,0.003015184934,0.002758297934,0.002886103934,0.002693140334,0.002697036734,0.000965355824,0.001011151784,0.001019308724,0.002700943334,0.002700565934,0.001020120644,0.000987838664,0.000901935284,0.001064772164,0.000960844364,0.002695680134,0.002762816534,0.002751586334,0.002691141134,0.000992727524,0.002694048134,0.000920584964,0.001387586864,0.002716069934,0.002700035534,0.002700249734,0.002697118334,0.001270052656,0.0009252301088,0.0009746017528,0.0010203142112,0.0015861722552,0.0028955783564,0.0011453859592,0.001114195128,0.0027091334812,0.002701412534,0.0032483947452,0.0010467038992
0.0031417766648,0.0014733275948,0.0032044760648,0.0031222949752,0.0033020798648,0.0031373702648,0.0031426028648,0.0031306892648,0.0031426028648,0.0031499162648,0.0031709690648,0.0033022124648,0.0031937252648,0.0031651040648,0.0031460912648,0.0014825912348,0.0014765844548,0.0014737126148,0.0014030791748,0.001625175576,0.0014256354548,0.0014271022148,0.0031935518648,0.0014772525548,0.0014737993148,0.0014263963748,0.0031392878648,0.0018504583148,0.0031570766648,0.0032042822648,0.0014735494148,0.0014270858948,0.0031451834648,0.0024442970108,0.0018328796348,0.0015175787348,0.0031708160648,0.0031656242648,0.0014270328548,0.0014736050348,0.0016239626948,0.0016710525548,0.0032919206648,0.0031602590648,0.0014745046748,0.0015383092148,0.0034613018648,0.0032044148648,0.0033322208648,0.0031392572648,0.0031431536648,0.0014734846748,0.0014205160748,0.0014266115948,0.0031470602648,0.0031466828648,0.0014274224948,0.0013936038548,0.0014739523148,0.0014741364548,0.0014770006148,0.0031417970648,0.0032089334648,0.0031976930648,0.0031372580648,0.0014000293748,0.0031401650648,0.0015247029548,0.0018337027748,0.0031621868648,0.0031461524648,0.0031463564648,0.0031432352648,0.0016794169468,0.0015803111792,0.0014872358556,0.001427616062,0.0016479716912,0.0033416952872,0.0015526934244,0.0015215025932,0.003155250412,0.0031475192648,0.0036945172904,0.00145183723
0.002386584374,0.000656245784,0.002449293974,0.00236711048872,0.002546887574,0.002382188174,0.002387420774,0.002375496974,0.002387420774,0.002394734174,0.002415776774,0.002547020174,0.002438543174,0.002409921974,0.002390898974,0.000727405064,0.000758148884,0.000591599204,0.000684643604,0.0027717577768,0.000709262324,0.000710728064,0.002438359574,0.000652231064,0.000592995584,0.000710023244,0.002384105774,0.001095272144,0.002401894574,0.002449100174,0.000591892964,0.000710711744,0.002390001374,0.00168911084,0.001077693464,0.000568074944,0.002415623774,0.002410431974,0.000710658704,0.000757230884,0.000674457884,0.000915866384,0.002536738574,0.002405066774,0.000756069104,0.000588804404,0.002706119774,0.002449222574,0.002577028574,0.002384075174,0.002387961374,0.000656284544,0.000702080504,0.000710237444,0.002391867974,0.002391500774,0.000711049364,0.000678767384,0.000592864004,0.000755700884,0.000651773084,0.002386614974,0.002453751374,0.002442510974,0.002382075974,0.000683656244,0.002384972774,0.000611513684,0.001078516604,0.002406994574,0.002390960174,0.002391174374,0.002388053174,0.00096098081456,0.00061615826736,0.00066553328,0.00071124349264,0.002794552872,0.00258650411928,0.00083631804784,0.0008051266552,0.00240005924408,0.002392337174,0.0029393295852,0.00073763318064
0.0018018523016,0.0024101717216,0.0018645608816,0.00178237637632,0.0019621555016,0.0017974520216,0.0018026846216,0.0017907679616,0.0018026846216,0.0018100010816,0.0018310447016,0.0019622891216,0.0018538060016,0.0018251858216,0.0018061689416,0.0024194353616,0.0024191059016,0.0024302351216,0.0023399222816,0.0046777838216,0.0023255740616,0.0023270398016,0.0018536295416,0.0024140956616,0.0024303228416,0.0023263349816,0.0017993696216,0.0025578466316,0.0018171614816,0.0018643630016,0.0024300729416,0.0023270234816,0.0018052682816,0.0012464100084,0.0025402689716,0.0024741012416,0.0018308947616,0.0018257009216,0.0023269714616,0.0023859284816,0.0025804852016,0.0026078966816,0.0019520044616,0.0018203357216,0.0024170271416,0.0024822979616,0.0021213836216,0.0018644935616,0.0019922995616,0.0017993369816,0.0018032303216,0.0024103288016,0.0023573591816,0.0023440615616,0.0018071369216,0.0018067636016,0.0023273611016,0.0023431985216,0.0024304758416,0.0024166589216,0.0024138437216,0.0018018767816,0.0018690142016,0.0018577778816,0.0017973388016,0.0023446132616,0.0018002417216,0.0024615460616,0.0025410910916,0.0018222635216,0.0018062301416,0.0018064402616,0.0018033170216,0.00259666896944,0.00245376954352,0.0024240761552,0.00232755523024,0.0047005743224,0.00200177408688,0.00245262978544,0.0024338242528,0.00181532921168,0.0018076040816,0.00100245784,0.00239859121824
0.00027810653568,0.00201355002168,0.00036763377168,0.00030012027768,0.00046522737168,0.00028867781568,0.00028189981368,0.00028727001168,0.00028189981368,0.00026936309568,0.00024512860968,0.00046536201168,0.00026534722232,0.00032825871168,0.00030924081168,0.00195088326168,0.00209515818168,0.00210628740168,0.00201425382168,0.0043170904988,0.00204627162168,0.00204773838168,0.00035670141168,0.00201747396168,0.00210637512168,0.00204703254168,0.00027914550768,0.00161754930168,0.00025907772168,0.00036743589168,0.00210612522168,0.00204772206168,0.00027420197568,0.002211389682,0.00159997062168,0.00211340292168,0.00027152865768,0.00032877279168,0.00204766902168,0.00209424120168,0.00221978892168,0.00174518496168,0.00045507633168,0.00032340861168,0.00209307942168,0.00208567626168,0.00062445549168,0.00036756645168,0.00049537143168,0.00027819823368,0.00028148508168,0.00201370608168,0.00200814402168,0.00204724776168,0.00027609723768,0.00027569688768,0.00204805866168,0.00201925080168,0.00210652812168,0.00209271018168,0.00201722202168,0.00027801351168,0.00037208607168,0.00029841147168,0.00028970842368,0.00202066554168,0.00028126078368,0.00206492436168,0.00160079274168,0.00026431919568,0.00027657714768,0.00027919161168,0.00028285514568,0.00229799113224,0.00212982238504,0.00202745501672,0.00204825437176,0.0043398809996,0.00050484697696,0.00217332836552,0.00214213595288,0.00028808127576,0.00027656531568,0.00034458940912,0.00207464349832
0.000626691304,0.0012974311472,0.000716218744,0.000648704944,0.000813812344,0.000637262584,0.000630484684,0.000635854984,0.000630484684,0.000617947864,0.000620263264,0.000813946984,0.000630125644,0.000676843684,0.000657826804,0.0012347643872,0.0013790393072,0.0013901685272,0.0012981359672,0.0036009704544,0.0013301527472,0.0013316195072,0.000705286384,0.0013013550872,0.0013902562472,0.0013309146872,0.000627730684,0.0009014304272,0.000607663204,0.000716020864,0.0013900063472,0.0013316031872,0.000622786744,0.0014952691232,0.0008838517472,0.0013972850672,0.000607215424,0.000677357764,0.0013315501472,0.0013781223272,0.0015036680072,0.0010290660872,0.000803661304,0.000671993584,0.0013769605472,0.0013695573872,0.000973041484,0.000716151424,0.000843956404,0.000626783104,0.000630070564,0.0012975882272,0.0012920251472,0.0013311288872,0.000624681904,0.000624282064,0.0013319408072,0.0013031319272,0.0013904092472,0.0013765923272,0.0013011031472,0.000626598484,0.000720672064,0.000566980606,0.000638293804,0.0013045466672,0.000629846164,0.0013488054872,0.0008846738672,0.000612903964,0.000625162324,0.000627776584,0.000631440424,0.0015818728192,0.001413704072,0.001311338388,0.0013321343744,0.0036237609552,0.00085343194928,0.0014572117368,0.0014260209056,0.00063666655408,0.000625150084,0.001001694884,0.0013585240624
0.0024900967184,0.0022119929084,0.0025528052984,0.00247062079312,0.0026503988984,0.0024856964384,0.0024909280184,0.0024790123784,0.0024909280184,0.0024982454984,0.0025192891184,0.0026505335384,0.0025420493984,0.0025134302384,0.0024944133584,0.0022212565484,0.0022209270884,0.0022320563084,0.0021417434684,0.0044796121484,0.0021273952484,0.0021288609884,0.0025418729384,0.0022159168484,0.0022321430084,0.0021281561684,0.0024876140384,0.0016881588616,0.0025054058984,0.0025526074184,0.0022318941284,0.0021288446684,0.0024935126984,0.001000396936,0.0016705801816,0.0022759224284,0.0025191391784,0.0025139443184,0.0021287916284,0.0021877496684,0.0023823063884,0.0024097168484,0.0026402478584,0.0025085801384,0.0022188473084,0.0022841191484,0.0028096280384,0.0025527379784,0.0026805429584,0.0024875803784,0.0024914737184,0.0022121489684,0.0021591803684,0.0021458817284,0.0024953803184,0.0024950069984,0.0021291822884,0.0021450197084,0.0022322960084,0.0022184790884,0.0022156649084,0.0024901211984,0.0025572586184,0.0025460222984,0.0024855821984,0.0021464344484,0.0024884861384,0.0022633672484,0.0016714033216,0.0025105079384,0.0024944735384,0.0024946836584,0.0024915604184,0.002398492402,0.00225559129176,0.00222589790344,0.00212937697848,0.0045024026492,0.00269001850368,0.0022544504108,0.00223564498104,0.00250357362848,0.0024958484984,0.0030428396368,0.00220041194648
0.0026125506464,0.00151014642368,0.0026752602464,0.0025930786512,0.0027728538464,0.0026081513864,0.0026133829664,0.0026014663064,0.0026133829664,0.0026207004464,0.0026417430464,0.0027729884864,0.0026645043464,0.0026358851864,0.0026168672864,0.00151941006368,0.00151908162368,0.00153021084368,0.00143989800368,0.003777764288,0.00142554978368,0.00142701552368,0.0026643278864,0.00151407138368,0.00153029754368,0.00142631070368,0.0026100689864,0.00188727714368,0.0026278608464,0.0026750623664,0.00153004764368,0.00142699920368,0.0026159666264,0.0011228546912,0.00186969846368,0.00157407696368,0.0026415941264,0.0026363992664,0.00142694616368,0.00148590420368,0.00168046092368,0.00170787138368,0.0027627028064,0.0026310350864,0.00151700184368,0.00158227368368,0.0029320819664,0.0026751929264,0.0028029979064,0.0026100353264,0.0026139286664,0.00151030350368,0.00145733490368,0.00144403626368,0.0026178352664,0.0026174619464,0.00142733682368,0.00144317424368,0.00153045054368,0.00151663362368,0.00151381944368,0.0026125751264,0.0026797125464,0.0026684762264,0.0026080371464,0.00144458898368,0.0026109400664,0.00156152178368,0.00187052058368,0.0026329628864,0.0026169284864,0.0026171386064,0.0026140153664,0.0016966430072,0.00155374582704,0.00152405187728,0.00142753095232,0.0038005547888,0.0028124713088,0.0015526066304,0.0015338006392,0.0026260274536,0.0026183034464,0.003165297392,0.001498564236
0.00233863230744,0.00157064957072,0.00240134088744,0.00231915582072,0.00249893550744,0.00233423304744,0.00233946462744,0.00232754796744,0.00233946462744,0.00234678108744,0.00236782470744,0.00249906912744,0.00239058600744,0.00236196684744,0.00234294894744,0.00141105279744,0.00172304369072,0.00170291705072,0.00164213933072,0.0038830795536,0.00167415713072,0.00167562287072,0.00239040954744,0.00158346281072,0.00170431343072,0.00167491805072,0.00233615064744,0.00107771781744,0.00235394250744,0.00240114402744,0.00170321081072,0.00167560655072,0.00234204828744,0.00058214333392,0.00106014015744,0.00167939279072,0.00236767578744,0.00236248092744,0.00167555351072,0.00172212569072,0.00178577573072,0.00120535449744,0.00248878446744,0.00235711674744,0.00172096391072,0.00165166511072,0.00265816362744,0.00240127356744,0.00252907956744,0.00233611698744,0.00234001032744,0.00157085035744,0.00163602851072,0.00167513225072,0.00234391692744,0.00234354360744,0.00167594417072,0.00164713631072,0.00170418185072,0.00172059569072,0.00158321087072,0.00233865678744,0.00240579420744,0.00239455788744,0.00233411880744,0.00164855105072,0.00233702172744,0.00163091321072,0.00106096227744,0.00235904454744,0.00234301014744,0.00234322026744,0.00234009702744,0.00192587562128,0.00190663946608,0.00158339569248,0.00167613829936,0.0039058690344,0.00253855353128,0.00180121285456,0.00177002146192,0.00235210967608,0.00234438510744,0.0028913756844,0.00170252798736
0.0017773592124,0.0005750042424,0.0018400677924,0.00175788328712,0.0019376624124,0.0017729589324,0.0017781915324,0.0017662748724,0.0017781915324,0.0017855079924,0.0018065516124,0.0019377960324,0.0018293129124,0.0018006927324,0.0017816758524,0.0005123374824,0.0006566134224,0.0006677416224,0.0005757090624,0.0028785438024,0.0006077268624,0.0006091926024,0.0018291364524,0.0005789281824,0.0006678293424,0.0006084877824,0.0017748765324,0.0004860449424,0.0017926683924,0.0018398699124,0.0006675794424,0.0006091762824,0.0017807751924,0.0008546258992,0.0004684672824,0.0006748581624,0.0018064016724,0.0018012068124,0.0006091232424,0.0006556954224,0.0007812411024,0.0003064949544,0.0019275113724,0.0017958426324,0.0006545336424,0.0006471304824,0.0020968905324,0.0018400004724,0.0019678054524,0.0017748438924,0.0017787362124,0.0005751613224,0.0005695992624,0.0006087019824,0.0017826438324,0.0017822694924,0.0006095139024,0.0005807060424,0.0006679823424,0.0006541654224,0.0005786762424,0.0017773836924,0.0018445211124,0.0018332847924,0.0017728457124,0.0005821207824,0.0017757486324,0.0006263796024,0.0004692894024,0.0017977704324,0.0017817360324,0.0017819471724,0.0017788239324,0.00085944535296,0.00069127762576,0.00058890923744,0.00060970859248,0.0029013343032,0.00197728099768,0.00073478258624,0.00070359175504,0.00179083612248,0.0017831109924,0.0023301021308,0.00063609828048
